Tag,WindowStart,WindowEnd,Split,MSE,SignAcc,Pearson,IC,IR,CR,Prec@K
ws8hd16,2019-01-04,2019-11-04,Train,3.441402628337057e-05,0.828125,0.8934129382081826,0.8493917051154797,1.2330864678823343,1.7394525724826213,0.8708333333333332
ws8hd16,2019-01-04,2019-11-04,Test,0.00024760997298871155,0.4888888888888889,0.019297567013485756,0.04831827406075664,0.10415851606645146,0.03267871905158779,0.5092592592592591
ws8hd16,2019-03-04,2020-01-04,Train,2.4512855967076263e-05,0.8518292682926829,0.9266180678022264,0.886143776154934,1.2198062005473211,1.7625398804120294,0.8739837398373983
ws8hd16,2019-03-04,2020-01-04,Test,0.00017927193029835387,0.5176470588235295,-0.03658930372333201,0.021939330840944585,0.0398783402320911,0.009983444380359028,0.5
ws8hd16,2019-05-04,2020-03-04,Train,3.7923852050104276e-05,0.801863354037267,0.8773199925443979,0.8209154638730602,1.1889334787090124,1.6181253575260002,0.8281573498964803
ws8hd16,2019-05-04,2020-03-04,Test,0.0002466904610310422,0.5333333333333333,0.11344545716319421,0.15113270094307568,0.29503492255944036,0.11084849076126237,0.6161616161616161
ws8hd16,2019-07-04,2020-05-04,Train,5.916839312933311e-05,0.76375,0.794789014516858,0.7273667160794548,0.9692806251333099,1.4539049845259462,0.79375
ws8hd16,2019-07-04,2020-05-04,Test,0.0006035339021487041,0.45714285714285713,-0.10708652581742767,-0.12087314562562029,0.13398258129921253,0.07950526571182191,0.5428571428571427
ws8hd16,2019-09-04,2020-07-04,Train,6.645119284885808e-05,0.7625,0.8468368844743759,0.7689870949621012,0.9412201178320319,1.8140748324666618,0.80625
ws8hd16,2019-09-04,2020-07-04,Test,0.00032645958575333145,0.4942857142857143,0.0621479180650639,0.03521619418467556,-0.09727882930783432,-0.041010965616251664,0.4666666666666666
ws8hd16,2019-11-04,2020-09-04,Train,0.00011126308582430342,0.7339622641509433,0.7538190711785125,0.6801816224635262,0.8513137250198666,1.7107095337596472,0.769392033542977
ws8hd16,2019-11-04,2020-09-04,Test,0.0003310179425508702,0.4891891891891892,-0.05750875524842287,-0.021647565583177045,-0.14502493738050007,-0.07177749727694098,0.40540540540540543
ws8hd16,2020-01-04,2020-11-04,Train,4.573668310865157e-05,0.854320987654321,0.9186729857814916,0.894517429302954,1.1883650411606612,2.304092545163142,0.8621399176954734
ws8hd16,2020-01-04,2020-11-04,Test,0.0003036713563685954,0.5542857142857143,0.02972943114496039,0.06707700721490165,0.04179589218818401,0.016971101880289573,0.5047619047619047
ws8hd16,2020-03-04,2021-01-04,Train,4.296518753675494e-05,0.8554878048780488,0.921465522640371,0.9008542425968878,1.269143379378538,2.386357957180838,0.8780487804878049
ws8hd16,2020-03-04,2021-01-04,Test,0.0002649554587971592,0.46060606060606063,-0.013650387709799018,-0.03591852299491226,0.0363865113042567,0.009961900176875146,0.45454545454545453
ws8hd16,2020-05-04,2021-03-04,Train,3.7562827077288e-05,0.8506172839506173,0.917731482461398,0.8996956767035692,1.343416484884319,2.11565855275796,0.8621399176954734
ws8hd16,2020-05-04,2021-03-04,Test,0.00042531632025127067,0.4647058823529412,-0.08638530662202089,-0.10359768021604096,-0.06417245224464009,-0.030622026853212282,0.4215686274509804
ws8hd16,2020-07-04,2021-05-04,Train,3.871321102850576e-05,0.846875,0.9172278486840182,0.8921618912326654,1.3004136849050376,2.1453967747401164,0.8604166666666666
ws8hd16,2020-07-04,2021-05-04,Test,0.0002560258823811525,0.5828571428571429,0.08966616371595573,0.11318842252939673,0.03385327761886404,0.011517110543394996,0.5904761904761904
ws8hd16,2020-09-04,2021-07-04,Train,5.5152637926732146e-05,0.8170886075949367,0.878477068430205,0.8431249651517025,1.1516071421630354,1.8659036963262934,0.8270042194092828
ws8hd16,2020-09-04,2021-07-04,Test,0.0003221902108922488,0.4228571428571429,-0.10319334069297126,-0.07290056012119049,-0.1445042102402957,-0.031067354835969292,0.4666666666666666
ws8hd16,2020-11-04,2021-09-04,Train,3.586745142073379e-05,0.8518987341772152,0.9153782711539903,0.8964392897987097,1.3069775495752856,1.967279318636516,0.8544303797468354
ws8hd16,2020-11-04,2021-09-04,Test,0.00022454020613496577,0.45555555555555555,-0.14817764450433474,-0.16293309876362214,0.0815479703131501,0.021573900261935057,0.5185185185185185
ws8hd16,2021-01-04,2021-11-04,Train,0.0001808466971047197,0.5722222222222222,0.28871121312717385,0.23904479592773417,0.3872257867640384,0.5776905346334787,0.5740740740740741
ws8hd16,2021-01-04,2021-11-04,Test,0.00014795554293439518,0.5314285714285715,-0.002549043531790085,-0.01098369316134359,-0.07213822627719889,-0.02370720167158709,0.5047619047619047
ws8hd16,2021-03-04,2022-01-04,Train,5.2698342852741595e-05,0.7963414634146342,0.8110641976955073,0.7845295846341297,1.2556397388728024,1.4701235760966787,0.8089430894308942
ws8hd16,2021-03-04,2022-01-04,Test,0.0004234258352451655,0.4117647058823529,-0.1938213162330797,-0.20315059520861783,-0.3484921521428836,-0.1656754893046743,0.3431372549019608
ws8hd16,2021-05-04,2022-03-04,Train,3.903815635480986e-05,0.8067484662576687,0.8834676139299611,0.8364890999493106,1.3283104557265755,1.7089292392407707,0.8384458077709612
ws8hd16,2021-05-04,2022-03-04,Test,0.0005680336453203679,0.4823529411764706,-0.05664277262016108,-0.043876375167837565,-0.12811236972745113,-0.04322194019205483,0.4313725490196078
ws8hd16,2021-07-04,2022-05-04,Train,5.4020613214472074e-05,0.8080745341614907,0.8749051799441396,0.8244616275487577,1.1191665965342095,1.7637547856958982,0.8012422360248447
ws8hd16,2021-07-04,2022-05-04,Test,0.00042386132045562757,0.4685714285714286,-0.12723615799149415,-0.15068134666988534,-0.16995729722405223,-0.06607784138895695,0.4476190476190475
ws8hd16,2021-09-04,2022-07-04,Train,3.265851448882467e-05,0.8723270440251573,0.9382243296036816,0.9169161758776374,1.2287384418689504,2.095775732815027,0.8595387840670857
ws8hd16,2021-09-04,2022-07-04,Test,0.0004681230572688681,0.49393939393939396,-0.026832023667233043,-0.03418464218047666,0.025679044251941223,0.008533028888121045,0.5454545454545454
ws8hd16,2021-11-04,2022-09-04,Train,3.393567712221567e-05,0.8719745222929937,0.9462215541556886,0.9330984565471392,1.312963597485565,2.387853521300471,0.870488322717622
ws8hd16,2021-11-04,2022-09-04,Test,0.0003855995277761516,0.4888888888888889,-0.07393742923308028,-0.0682218528063395,-0.1707957864440089,-0.06313571461439992,0.45370370370370366
ws8hd16,2022-01-04,2022-11-04,Train,3.994020516221466e-05,0.864375,0.9304235884740226,0.9144382699162941,1.1703655104374997,2.218157826978376,0.8458333333333334
ws8hd16,2022-01-04,2022-11-04,Test,0.0004429816362700166,0.45,-0.12440755316640459,-0.1637550140246741,-0.1477904576330063,-0.054733662686133056,0.5185185185185185
ws8hd32,2019-01-04,2019-11-04,Train,8.260497092497148e-06,0.92125,0.9774119740941977,0.9644382238071898,1.4042877576126498,1.930081693595267,0.9333333333333332
ws8hd32,2019-01-04,2019-11-04,Test,0.00022922766359124698,0.5305555555555556,0.013221688503511613,0.06476284539232555,0.14282074735772107,0.04830454803981899,0.5555555555555556
ws8hd32,2019-03-04,2020-01-04,Train,7.243916962004403e-06,0.9286585365853659,0.9812388358024516,0.9736908891743856,1.3983808799103825,1.929335832354088,0.9308943089430893
ws8hd32,2019-03-04,2020-01-04,Test,0.0001708844665363715,0.49117647058823527,0.03133784173373591,0.0168552241699628,0.05254693068662788,0.01302033590070108,0.4901960784313725
ws8hd32,2019-05-04,2020-03-04,Train,9.92242514016319e-06,0.9136645962732919,0.9711987066171809,0.9567285511528927,1.408871030146557,1.8557275379953015,0.9151138716356106
ws8hd32,2019-05-04,2020-03-04,Test,0.00023230326717637694,0.5333333333333333,0.012184856405801366,0.06857980998239403,-0.005263270998643129,-0.0016964875898341013,0.5353535353535352
ws8hd32,2019-07-04,2020-05-04,Train,5.928239400337796e-06,0.928125,0.9837642552595223,0.9759139492081328,1.3838618555095599,1.8869201158881783,0.925
ws8hd32,2019-07-04,2020-05-04,Test,0.0006296329536960049,0.4742857142857143,-0.06777335718021135,-0.09987303682002802,0.021712903772929875,0.01202726903154101,0.5238095238095237
ws8hd32,2019-09-04,2020-07-04,Train,1.704607205419076e-05,0.875,0.963867986879815,0.931504724849278,1.1730928388080366,2.128181080171464,0.8875
ws8hd32,2019-09-04,2020-07-04,Test,0.0003331984349477468,0.52,0.035940438053848736,0.043440354615139724,0.04311266308543428,0.013854389987110385,0.5238095238095237
ws8hd32,2019-11-04,2020-09-04,Train,1.3322810239180752e-05,0.9025157232704403,0.9775487457855971,0.9633092525142523,1.3476803688074208,2.3979266605602088,0.9245283018867925
ws8hd32,2019-11-04,2020-09-04,Test,0.00028149742470644093,0.5243243243243243,0.08213557550511082,0.11362392597864307,0.0498002528522338,0.0267538432698677,0.5405405405405407
ws8hd32,2020-01-04,2020-11-04,Train,1.4378556043417575e-05,0.9203703703703704,0.9782220120115925,0.9705137806874897,1.38932503093222,2.5639561308912535,0.9341563786008229
ws8hd32,2020-01-04,2020-11-04,Test,0.00030173344804269614,0.49714285714285716,-0.07637651378106743,-0.011121121692660638,-0.04624839958053453,-0.015444514794597117,0.4857142857142857
ws8hd32,2020-03-04,2021-01-04,Train,1.0184102494787947e-05,0.9365853658536586,0.9862608721494966,0.9820648446917974,1.461376327875149,2.6263936793432308,0.9390243902439024
ws8hd32,2020-03-04,2021-01-04,Test,0.0002741308063173548,0.5060606060606061,0.021413989199486796,0.03330542590385481,0.22958947487495254,0.057353623855242744,0.5252525252525252
ws8hd32,2020-05-04,2021-03-04,Train,1.007588844818915e-05,0.9197530864197531,0.9809521541459347,0.9749148566070087,1.5128857029620577,2.324115831855032,0.9218106995884774
ws8hd32,2020-05-04,2021-03-04,Test,0.00040827043924749045,0.4441176470588235,-0.017950001274674,-0.10939897200413397,0.0038274477046508046,0.001920952105998873,0.46078431372549017
ws8hd32,2020-07-04,2021-05-04,Train,7.811595668955547e-06,0.946875,0.988789496254574,0.9852238768842908,1.4761148599334575,2.3583919614117095,0.9229166666666666
ws8hd32,2020-07-04,2021-05-04,Test,0.00025506181010844555,0.5342857142857143,0.037449934356590615,0.07360391280162054,-0.10120962192604516,-0.03478543456747048,0.5333333333333332
ws8hd32,2020-09-04,2021-07-04,Train,6.947386671284235e-06,0.9487341772151898,0.9902720336673037,0.9872042830131559,1.4782603078626357,2.232760291440406,0.9219409282700423
ws8hd32,2020-09-04,2021-07-04,Test,0.00023957912664874189,0.46,-0.024946681102163876,-0.03136720649614633,0.13441107915161454,0.03019231185364888,0.5238095238095237
ws8hd32,2020-11-04,2021-09-04,Train,8.411384926662435e-06,0.9487341772151898,0.983670973040383,0.9788045838212178,1.52154743462924,2.182850631729703,0.9324894514767931
ws8hd32,2020-11-04,2021-09-04,Test,0.00020564738732030332,0.4888888888888889,-0.011976893134488822,-0.047734679022729085,0.021210212300618227,0.006709780415397945,0.5
ws8hd32,2021-01-04,2021-11-04,Train,8.465008617197902e-06,0.9425925925925925,0.9832962687594479,0.9772448534705035,1.4811231214790976,2.045390888879529,0.9320987654320988
ws8hd32,2021-01-04,2021-11-04,Test,0.00022849658777041048,0.48,-0.002392038158934972,-0.0380441589610644,0.006344789567228886,0.0016840372695379963,0.5333333333333333
ws8hd32,2021-03-04,2022-01-04,Train,8.96205759023966e-06,0.925,0.9741349382236211,0.965661420470215,1.7748893186365144,1.8794147033401065,0.9471544715447153
ws8hd32,2021-03-04,2022-01-04,Test,0.00041256308785114364,0.4588235294117647,-0.1154333961553897,-0.11603740021822026,-0.1304128818468721,-0.054265012601330945,0.43137254901960775
ws8hd32,2021-05-04,2022-03-04,Train,1.0416942751439352e-05,0.9165644171779141,0.9714192332937924,0.9604900144440934,1.5824025213418964,1.9527471311719933,0.9243353783231085
ws8hd32,2021-05-04,2022-03-04,Test,0.0004579296232948847,0.5088235294117647,0.07433898187599391,0.04801308946900299,0.11518877728277123,0.04510331395919191,0.47058823529411764
ws8hd32,2021-07-04,2022-05-04,Train,4.889329686308793e-05,0.8236024844720496,0.8875124934690835,0.8388798919033672,1.1947129155947243,1.845026027092038,0.8260869565217391
ws8hd32,2021-07-04,2022-05-04,Test,0.0004026141487823743,0.48857142857142855,-0.09831117031313226,-0.08420626174207836,-0.09483773249935823,-0.03915298167331452,0.4666666666666666
ws8hd32,2021-09-04,2022-07-04,Train,9.552381733616726e-06,0.9383647798742139,0.9840600710503085,0.9779711164840706,1.3746111236880916,2.2837625298068547,0.9140461215932912
ws8hd32,2021-09-04,2022-07-04,Test,0.0004362022420719031,0.4575757575757576,-0.03934419299287665,-0.01955123046479801,0.07893317216682973,0.027751909440274437,0.5151515151515151
ws8hd32,2021-11-04,2022-09-04,Train,1.169716435191346e-05,0.9318471337579618,0.9854352418595151,0.9820594287999698,1.3973574811238763,2.5044624479346456,0.900212314225053
ws8hd32,2021-11-04,2022-09-04,Test,0.00031970738416601087,0.4777777777777778,0.029769683047550156,0.011744304337758825,-0.10940026899773073,-0.05158204243034777,0.48148148148148145
ws8hd32,2022-01-04,2022-11-04,Train,1.0834721372241526e-05,0.94,0.9848456977760169,0.9815498801783314,1.3358810914124943,2.4350352960022748,0.9083333333333332
ws8hd32,2022-01-04,2022-11-04,Test,0.0004006307804663896,0.5305555555555556,0.03272873863832536,0.002798633065408586,-0.12020162120724714,-0.05975185548674543,0.48148148148148145
ws8hd64,2019-01-04,2019-11-04,Train,5.322479165938375e-06,0.95625,0.9910768295627521,0.9868600218416934,1.4427231153452111,1.9636140778568743,0.94375
ws8hd64,2019-01-04,2019-11-04,Test,0.00023332489709939976,0.48333333333333334,-0.009703056443519459,0.061556030524926884,-0.08250642663722993,-0.035433353065036755,0.537037037037037
ws8hd64,2019-03-04,2020-01-04,Train,6.650793154968215e-06,0.9548780487804878,0.9898753258743098,0.985936275256393,1.420943337016938,1.9456710610256596,0.9390243902439024
ws8hd64,2019-03-04,2020-01-04,Test,0.00017013343016729183,0.5294117647058824,0.0331562431302772,0.05675624102182852,0.3783389308924837,0.0783824678116888,0.5784313725490196
ws8hd64,2019-05-04,2020-03-04,Train,1.2610934833898083e-05,0.9211180124223602,0.9713460783833168,0.9609451847445512,1.4160660010598596,1.853091143760393,0.9233954451345755
ws8hd64,2019-05-04,2020-03-04,Test,0.0002083606153894287,0.5333333333333333,0.06406981074861609,0.08740859962817925,0.24852472774952483,0.08530100062088183,0.6161616161616161
ws8hd64,2019-07-04,2020-05-04,Train,5.7019856681145696e-06,0.95125,0.9901862775318713,0.9864068225013328,1.3998102285722953,1.8953660358056252,0.93125
ws8hd64,2019-07-04,2020-05-04,Test,0.0005465273371153258,0.4942857142857143,-0.04533545911590943,-0.05384820185641559,0.15806235783758252,0.08931013381620147,0.5714285714285714
ws8hd64,2019-09-04,2020-07-04,Train,8.170721079276241e-06,0.935,0.9873321789537287,0.9785203769508328,1.256397740151448,2.2379338318686344,0.925
ws8hd64,2019-09-04,2020-07-04,Test,0.0003042814765527118,0.5142857142857142,0.05032509135646855,0.04724623991099636,0.02676401949975516,0.00930938018216577,0.5238095238095238
ws8hd64,2019-11-04,2020-09-04,Train,9.088792700837947e-06,0.9459119496855346,0.9900863344877098,0.9874935958290775,1.4089811146911477,2.449257732877345,0.9412997903563939
ws8hd64,2019-11-04,2020-09-04,Test,0.00030384264162961106,0.5108108108108108,-0.02370962979298137,0.004988922192856224,0.0044278118438135375,0.002049255397313203,0.5135135135135134
ws8hd64,2020-01-04,2020-11-04,Train,1.115398337381173e-05,0.9425925925925925,0.9841775170988465,0.9798142188722123,1.4039431439314813,2.575204428150802,0.9341563786008229
ws8hd64,2020-01-04,2020-11-04,Test,0.0003157039045063648,0.48,-0.038717337490333584,-0.054395102446598384,-0.10140126182692667,-0.03321803827596811,0.4571428571428571
ws8hd64,2020-03-04,2021-01-04,Train,1.0208021909211868e-05,0.9445121951219512,0.988621123908539,0.986060663111704,1.4747387402284247,2.6340334756791215,0.9491869918699185
ws8hd64,2020-03-04,2021-01-04,Test,0.00027092697534242434,0.48787878787878786,-0.011604632631442503,-0.05572954219711046,0.04873382943492358,0.01251832391907583,0.4444444444444444
ws8hd64,2020-05-04,2021-03-04,Train,1.1705877093472931e-05,0.9271604938271605,0.9819687402702559,0.9774981006497621,1.5553066368313313,2.333010649736245,0.9341563786008229
ws8hd64,2020-05-04,2021-03-04,Test,0.00037531804466455653,0.5058823529411764,-0.031128142529174882,-0.028432466594714087,-0.028095123615917983,-0.012977574389476363,0.4999999999999999
ws8hd64,2020-07-04,2021-05-04,Train,7.77214717859884e-06,0.95125,0.9899251363309585,0.9875195633901305,1.488627844070004,2.370163929182941,0.93125
ws8hd64,2020-07-04,2021-05-04,Test,0.00027356313032169354,0.5142857142857142,-0.011059768009861824,-0.003554408024322064,-0.08558203016400162,-0.03353275682007259,0.5619047619047617
ws8hd64,2020-09-04,2021-07-04,Train,7.0345019759348375e-06,0.9373417721518987,0.9876083007962169,0.9841742247358642,1.4784820605095823,2.227615471118556,0.9282700421940929
ws8hd64,2020-09-04,2021-07-04,Test,0.00019146797272338355,0.54,0.08279093669989152,0.11066973141471709,0.46015230606196267,0.11629232726512534,0.5904761904761904
ws8hd64,2020-11-04,2021-09-04,Train,7.054755090791688e-06,0.9689873417721518,0.9932540756888573,0.9919666580559348,1.5476260065329739,2.210513381578266,0.930379746835443
ws8hd64,2020-11-04,2021-09-04,Test,0.00018630352700352824,0.48333333333333334,-0.10087580090745443,-0.08419560850520966,-0.09438473146092786,-0.025580986051400995,0.5092592592592591
ws8hd64,2021-01-04,2021-11-04,Train,8.289900939341202e-06,0.9537037037037037,0.9895080776377417,0.9852963773718324,1.5043526780940524,2.063492824670413,0.9300411522633745
ws8hd64,2021-01-04,2021-11-04,Test,0.00020924531797204653,0.5028571428571429,-0.11204142446574647,-0.09231119087852613,-0.0458008054604784,-0.010556247577458234,0.5619047619047619
ws8hd64,2021-03-04,2022-01-04,Train,7.93569914677068e-06,0.95,0.9860097974715961,0.981462593731077,1.8179173991604125,1.9056828808968527,0.9491869918699186
ws8hd64,2021-03-04,2022-01-04,Test,0.0003921452225934846,0.4852941176470588,-0.08036294627478079,-0.0672502922822633,-0.11900927299940965,-0.03998446766063347,0.45098039215686275
ws8hd64,2021-05-04,2022-03-04,Train,8.006632638149952e-06,0.9484662576687116,0.9875301395931708,0.981893672053173,1.6235095331916984,1.994697345494209,0.934560327198364
ws8hd64,2021-05-04,2022-03-04,Test,0.00040995891404711364,0.5117647058823529,0.11600047392754392,0.1172116884696,0.15556012896216867,0.05173948652211262,0.47058823529411764
ws8hd64,2021-07-04,2022-05-04,Train,2.029072166097165e-05,0.8881987577639752,0.9591546736391012,0.9352382538170547,1.3657655260327033,2.0453448745382476,0.8881987577639752
ws8hd64,2021-07-04,2022-05-04,Test,0.0003784670415309892,0.52,-0.06637667740588042,-0.038553270988801076,-0.13277367130043471,-0.05445612747306802,0.4761904761904762
ws8hd64,2021-09-04,2022-07-04,Train,9.744884637776695e-06,0.9433962264150944,0.9877920354047987,0.9838774847071349,1.4008966839822508,2.289440287377755,0.9119496855345912
ws8hd64,2021-09-04,2022-07-04,Test,0.0004181300201413087,0.5060606060606061,-0.006207366065126875,-0.017768928134231074,-0.08785667479917662,-0.028376564308406876,0.4848484848484848
ws8hd64,2021-11-04,2022-09-04,Train,1.1187074322820544e-05,0.9554140127388535,0.9921412904333746,0.9902950123429929,1.4088574701997942,2.537442325614486,0.9129511677282377
ws8hd64,2021-11-04,2022-09-04,Test,0.0002999107253233972,0.5416666666666666,-0.02729063470872079,0.0035428516386990993,-0.24883300579427542,-0.09553817894471628,0.45370370370370366
ws8hd64,2022-01-04,2022-11-04,Train,1.24064167327857e-05,0.938125,0.9873419984582645,0.9836764225767769,1.3378788551214338,2.448495049723694,0.9104166666666667
ws8hd64,2022-01-04,2022-11-04,Test,0.0004587485278430102,0.4111111111111111,-0.17282620767010448,-0.23393264787699786,-0.21672033257369153,-0.08135878664852096,0.4444444444444444
ws8hd128,2019-01-04,2019-11-04,Train,7.911740275829676e-06,0.955625,0.9882488511172566,0.9843824383307659,1.4412986602463806,1.967844161831581,0.9416666666666667
ws8hd128,2019-01-04,2019-11-04,Test,0.0002276763078576228,0.45555555555555555,-0.040885422452558,-0.02802645082137979,-0.1863438293656172,-0.05911478543256816,0.4629629629629629
ws8hd128,2019-03-04,2020-01-04,Train,5.572096818019222e-06,0.9524390243902439,0.9888125747436796,0.9863464869205856,1.420844924663292,1.946025058344797,0.934959349593496
ws8hd128,2019-03-04,2020-01-04,Test,0.00016566978867994803,0.538235294117647,0.006013986945201541,0.04927449504702616,0.12810373528255467,0.0296633944894353,0.5490196078431372
ws8hd128,2019-05-04,2020-03-04,Train,8.064431611501957e-06,0.9397515527950311,0.9830835873031405,0.9765905370282094,1.4442652246120031,1.8783277157603426,0.9316770186335404
ws8hd128,2019-05-04,2020-03-04,Test,0.00020799806805420787,0.5242424242424243,0.059041011141183236,0.059189290493526524,0.1813103019588946,0.05812480754864353,0.5252525252525252
ws8hd128,2019-07-04,2020-05-04,Train,5.968412967615332e-06,0.9525,0.989517885518336,0.9853321189510168,1.4012027174671795,1.9024448557148348,0.9291666666666668
ws8hd128,2019-07-04,2020-05-04,Test,0.000491432959724623,0.4942857142857143,-0.009186070085955737,-0.027257794731082176,0.1724649494882197,0.08325303476346516,0.5619047619047619
ws8hd128,2019-09-04,2020-07-04,Train,1.4151256172696925e-05,0.929375,0.976991827319156,0.9709138547081478,1.253658705629194,2.2283364151378526,0.925
ws8hd128,2019-09-04,2020-07-04,Test,0.0002686739274274479,0.5057142857142857,0.10706266430015568,0.09588701015635112,0.10345229501231183,0.038361562782392916,0.5523809523809524
ws8hd128,2019-11-04,2020-09-04,Train,7.148753843096342e-06,0.9484276729559749,0.9910698367705457,0.9882147208942178,1.4049687523515026,2.445957144245347,0.9371069182389937
ws8hd128,2019-11-04,2020-09-04,Test,0.00026462757387526315,0.5378378378378378,0.10235785931835462,0.12635831067705486,-0.04185120111355514,-0.021848055116230482,0.5225225225225225
ws8hd128,2020-01-04,2020-11-04,Train,1.0093950506314549e-05,0.9543209876543209,0.9892930387866908,0.9881898964236747,1.4235632961658649,2.594397834665377,0.9362139917695472
ws8hd128,2020-01-04,2020-11-04,Test,0.0002751486319649177,0.49714285714285716,-0.07046423580488392,-0.07347883475711879,-0.12466507859709496,-0.034237291742979375,0.4666666666666666
ws8hd128,2020-03-04,2021-01-04,Train,8.684721030829512e-06,0.9542682926829268,0.9898122345870215,0.9873697439765833,1.4656518339902735,2.6396460186795356,0.9471544715447153
ws8hd128,2020-03-04,2021-01-04,Test,0.00026781302589785834,0.49696969696969695,-0.04510358178281229,-0.036191837156183806,0.17838406952674504,0.047829877405192914,0.5050505050505051
ws8hd128,2020-05-04,2021-03-04,Train,9.395590462817513e-06,0.9567901234567902,0.9873704736150126,0.9861319308007905,1.5546285467114187,2.360137469664792,0.9444444444444444
ws8hd128,2020-05-04,2021-03-04,Test,0.0003028929184670839,0.5029411764705882,0.13254999611920026,0.07006095615522831,0.11242055117780952,0.047043219838766,0.5098039215686274
ws8hd128,2020-07-04,2021-05-04,Train,1.0322190569763624e-05,0.95375,0.9904215795953779,0.9884215398411269,1.4913307895419958,2.367460349520255,0.9270833333333333
ws8hd128,2020-07-04,2021-05-04,Test,0.00025817038633929584,0.5085714285714286,-0.013746212359231607,0.008000951611266799,-0.1384571880715119,-0.03668022791403616,0.5142857142857142
ws8hd128,2020-09-04,2021-07-04,Train,9.931627055226906e-06,0.939873417721519,0.986490890588542,0.9837828650577496,1.46344734668035,2.221722746954018,0.9219409282700423
ws8hd128,2020-09-04,2021-07-04,Test,0.00021609940801228748,0.45714285714285713,-0.007971167025262382,-0.00025287669986810387,0.11071297550095455,0.03403371364066802,0.5714285714285714
ws8hd128,2020-11-04,2021-09-04,Train,1.1324301682561126e-05,0.9462025316455697,0.9841939764676166,0.9842795378513188,1.527044282690671,2.198810420904519,0.9282700421940929
ws8hd128,2020-11-04,2021-09-04,Test,0.00017364436239657714,0.5333333333333333,0.027785388219281174,0.03388323469574096,0.07579592842781467,0.021582517564769595,0.5277777777777777
ws8hd128,2021-01-04,2021-11-04,Train,7.92976288867016e-06,0.9407407407407408,0.9840714333411178,0.9801191186173308,1.4877536435539478,2.0484333064270874,0.9218106995884773
ws8hd128,2021-01-04,2021-11-04,Test,0.00019297500332602952,0.5028571428571429,-0.10653762849153368,-0.07886380413601043,-0.10282782292339235,-0.026921129349210864,0.5238095238095237
ws8hd128,2021-03-04,2022-01-04,Train,5.1109309244305e-06,0.9585365853658536,0.9907035674523279,0.988267584536749,1.8392098369624956,1.9219572092497295,0.9532520325203253
ws8hd128,2021-03-04,2022-01-04,Test,0.00037723607795181485,0.4852941176470588,-0.028435228557943833,-0.029539721034877973,-0.07350838065362605,-0.02464966713631992,0.43137254901960775
ws8hd128,2021-05-04,2022-03-04,Train,1.4047334005299695e-05,0.9276073619631902,0.9734135013504908,0.966406944236196,1.5756372558900613,1.9522231209436274,0.9141104294478528
ws8hd128,2021-05-04,2022-03-04,Test,0.0004382612030901673,0.5352941176470588,0.005627843318404872,0.051483453562603754,0.12788066882477298,0.053786993318869665,0.46078431372549017
ws8hd128,2021-07-04,2022-05-04,Train,1.5031057193728009e-05,0.9031055900621118,0.9725039575985743,0.9579641347023121,1.431701843533615,2.1003460774950895,0.9213250517598345
ws8hd128,2021-07-04,2022-05-04,Test,0.0003660772744834384,0.49714285714285716,-0.10986216458297549,-0.04243276621500117,-0.07079921770407802,-0.027838161457119825,0.4952380952380952
ws8hd128,2021-09-04,2022-07-04,Train,7.803476727693764e-06,0.9635220125786164,0.9928865203440489,0.9911959483899409,1.3931421098241457,2.3107085660593194,0.9224318658280923
ws8hd128,2021-09-04,2022-07-04,Test,0.000435748214078732,0.49393939393939396,-0.09774712942202976,-0.06460315849017127,-0.00040820976650478747,-0.00012316451978836365,0.5252525252525252
ws8hd128,2021-11-04,2022-09-04,Train,1.2191420876916401e-05,0.9605095541401274,0.991010398557107,0.9886467938979784,1.4116163253922585,2.5435632135070527,0.910828025477707
ws8hd128,2021-11-04,2022-09-04,Test,0.0002757709464840301,0.5083333333333333,0.0021313347329057417,0.00885372114842202,-0.18407000221854666,-0.07156870593137273,0.462962962962963
ws8hd128,2022-01-04,2022-11-04,Train,8.700567732221328e-06,0.951875,0.990312662940443,0.9880112954940098,1.348534785893634,2.460118835227038,0.9208333333333332
ws8hd128,2022-01-04,2022-11-04,Test,0.00036628835706473725,0.475,-0.10275860343459914,-0.12482248124631738,-0.0828834274405882,-0.028464321140226304,0.49074074074074076
ws12hd16,2019-01-04,2019-11-04,Train,3.164270531013062e-05,0.8346153846153846,0.902799686751934,0.8546191291924095,1.1849075421761694,1.6884861434916179,0.8675213675213675
ws12hd16,2019-01-04,2019-11-04,Test,0.00029380855748834515,0.478125,-0.1241584219856077,-0.07101814959130462,-0.2676484004450087,-0.10793028109731745,0.41666666666666663
ws12hd16,2019-03-04,2020-01-04,Train,2.2985510993222973e-05,0.866875,0.9318029104496137,0.9007972448211794,1.195512442834229,1.6840124198679158,0.8583333333333332
ws12hd16,2019-03-04,2020-01-04,Test,0.0002435367452786505,0.47,-0.20111927388734377,-0.12248624984722052,-0.2733504962971505,-0.05768549787635772,0.4444444444444445
ws12hd16,2019-05-04,2020-03-04,Train,1.9870495441216865e-05,0.856687898089172,0.9372383484043596,0.9050795343827496,1.303803455750116,1.7152165119663483,0.8726114649681529
ws12hd16,2019-05-04,2020-03-04,Test,0.00025573819607677866,0.5241379310344828,0.026820057352689705,0.0278029465273071,0.012452499858217765,0.00443188063931498,0.5172413793103448
ws12hd16,2019-07-04,2020-05-04,Train,3.898967658075399e-05,0.8128205128205128,0.8708418075720201,0.8104977086192303,1.103481179942858,1.5687307906400065,0.8397435897435898
ws12hd16,2019-07-04,2020-05-04,Test,0.0005604570941633362,0.5483870967741935,0.01462515909341864,0.01841387730473094,0.0422715410043702,0.023311294325343197,0.5483870967741935
ws12hd16,2019-09-04,2020-07-04,Train,3.553957826939221e-05,0.8288461538461539,0.9223518928429754,0.8759211435667972,1.07961966342936,1.964378094626137,0.8461538461538461
ws12hd16,2019-09-04,2020-07-04,Test,0.0003111561190373631,0.5419354838709678,0.02249474049060862,0.07006101570658484,-0.07676111121588497,-0.025247322686711367,0.5268817204301075
ws12hd16,2019-11-04,2020-09-04,Train,0.00011934118373694316,0.7258064516129032,0.7410868640014079,0.6859945956528135,0.9050835629397203,1.7001426083402356,0.7741935483870968
ws12hd16,2019-11-04,2020-09-04,Test,0.00028017534685217477,0.5303030303030303,-0.018742622161682914,0.043912415925014756,-0.2648270398489435,-0.08400767100474228,0.4949494949494949
ws12hd16,2020-01-04,2020-11-04,Train,3.7590526469276144e-05,0.879746835443038,0.9335888596885891,0.9216145869972364,1.2434113171924834,2.318140961958429,0.8839662447257384
ws12hd16,2020-01-04,2020-11-04,Test,0.00028546990351389787,0.49032258064516127,0.04934799392930151,0.018486390639328328,-0.06895765156826349,-0.020261300488054655,0.4946236559139784
ws12hd16,2020-03-04,2021-01-04,Train,7.812226920271529e-05,0.793125,0.844142206106553,0.8104986778922618,1.0922999249435585,1.9994802856460763,0.8145833333333334
ws12hd16,2020-03-04,2021-01-04,Test,0.00025075159305712344,0.46551724137931033,0.03414376368278262,0.01539097583156019,0.12464110928406096,0.03499749236346981,0.4827586206896552
ws12hd16,2020-05-04,2021-03-04,Train,3.07803637141004e-05,0.8753164556962025,0.9324005848809261,0.9199545366910019,1.3499411696191357,2.0980930278692216,0.8902953586497889
ws12hd16,2020-05-04,2021-03-04,Test,0.00033716933723748366,0.47,0.08645987199307287,0.0037311525683618703,-0.010586976933445976,-0.0036471325341919346,0.4444444444444444
ws12hd16,2020-07-04,2021-05-04,Train,4.119609999996517e-05,0.8346153846153846,0.9108238128234454,0.8887233549727023,1.2996471789703647,2.0470579122973325,0.8589743589743589
ws12hd16,2020-07-04,2021-05-04,Test,0.0002443910135865319,0.4967741935483871,0.012446368748304324,0.03198657030099001,-0.14786421287817114,-0.04334434721294718,0.49462365591397844
ws12hd16,2020-09-04,2021-07-04,Train,3.546628778678851e-05,0.8636363636363636,0.9239902365093567,0.9008139529263762,1.2748882433878472,1.9481238562857335,0.8593073593073594
ws12hd16,2020-09-04,2021-07-04,Test,0.0003322093874936678,0.4483870967741935,0.0032092062334195884,-0.008364156721445526,0.07798445614123874,0.01936007555295085,0.5376344086021505
ws12hd16,2020-11-04,2021-09-04,Train,4.9724210437685906e-05,0.8246753246753247,0.8811966670578055,0.8521124272620654,1.2283401238502725,1.7903030379521088,0.8181818181818182
ws12hd16,2020-11-04,2021-09-04,Test,0.00019221345707313476,0.528125,-0.005423267772604777,0.021865569976269296,0.12289694802838921,0.03295331556877591,0.5208333333333333
ws12hd16,2021-01-04,2021-11-04,Train,2.9493444756511375e-05,0.8664556962025316,0.9227572071890147,0.8943294968941295,1.3226233363799924,1.793843007521931,0.8628691983122362
ws12hd16,2021-01-04,2021-11-04,Test,0.00020877129139177866,0.4806451612903226,0.04617355643860234,0.022708235358093416,-0.053415309027532436,-0.011625404359875599,0.49462365591397844
ws12hd16,2021-03-04,2022-01-04,Train,4.0730308137021966e-05,0.826875,0.8550593156058566,0.8326428005878332,1.3725998092319573,1.505868430890973,0.84375
ws12hd16,2021-03-04,2022-01-04,Test,0.000393232202645346,0.56,0.03438801875583626,0.061946548668216264,-0.05948079162173583,-0.016948886335085383,0.4666666666666666
ws12hd16,2021-05-04,2022-03-04,Train,2.8980178634611318e-05,0.8528301886792453,0.9142167590784631,0.8810376320553842,1.409484783876453,1.7449697117347425,0.8742138364779876
ws12hd16,2021-05-04,2022-03-04,Test,0.0004486254980844421,0.5366666666666666,0.07003968594781708,0.0668569725060252,0.156194593406508,0.05039926258073322,0.49999999999999994
ws12hd16,2021-07-04,2022-05-04,Train,3.695469403189631e-05,0.8382165605095542,0.9168433257856846,0.872915480040974,1.2383857167933503,1.8741536449084035,0.8535031847133758
ws12hd16,2021-07-04,2022-05-04,Test,0.00040603821884034955,0.5064516129032258,0.012808266874071099,0.017217123873263764,-0.0342818682979379,-0.009973197215155914,0.49462365591397844
ws12hd16,2021-09-04,2022-07-04,Train,2.897014598507733e-05,0.8780645161290322,0.9467850998140271,0.928345520988869,1.2591912524433349,2.0956869853306337,0.8752688172043012
ws12hd16,2021-09-04,2022-07-04,Test,0.00043427378781264747,0.4896551724137931,-0.05593182473328138,-0.05647926187467943,-0.10420478352963053,-0.030710904909238113,0.4827586206896552
ws12hd16,2021-11-04,2022-09-04,Train,6.151248049241885e-05,0.8339869281045752,0.9007200698838604,0.8850495793506653,1.218383105782207,2.1488746118136497,0.8169934640522875
ws12hd16,2021-11-04,2022-09-04,Test,0.0005084113560775967,0.478125,-0.046592822731746496,-0.07002589777725195,-0.18878564379218626,-0.0728435510491155,0.4895833333333333
ws12hd16,2022-01-04,2022-11-04,Train,3.5306228314380724e-05,0.8865384615384615,0.9384568573608727,0.9292871069089989,1.248406000407101,2.268199946735086,0.8696581196581198
ws12hd16,2022-01-04,2022-11-04,Test,0.0004317098341442562,0.49375,-0.038210348622879364,-0.07097714656218929,-0.03937293006681172,-0.015575698583964404,0.5416666666666667
ws12hd32,2019-01-04,2019-11-04,Train,6.066869457892764e-06,0.9371794871794872,0.9846130715434643,0.9775136676570254,1.4340565951766562,1.919869430293202,0.9423076923076923
ws12hd32,2019-01-04,2019-11-04,Test,0.0002421935602044195,0.54375,0.015574525809321192,0.027962309202238304,-0.02580613157167889,-0.008729964535045258,0.47916666666666663
ws12hd32,2019-03-04,2020-01-04,Train,6.217361370792877e-06,0.948125,0.9856404279114657,0.9792897371955385,1.3797354039012009,1.8794771666235142,0.925
ws12hd32,2019-03-04,2020-01-04,Test,0.00018979112320899634,0.5233333333333333,0.05250997222628895,0.05960510672340803,0.12074815129262544,0.028652641685536235,0.5555555555555555
ws12hd32,2019-05-04,2020-03-04,Train,7.791435185862861e-06,0.9229299363057325,0.9783215361815721,0.9665507289175452,1.4239287518031483,1.8246090998220708,0.9235668789808917
ws12hd32,2019-05-04,2020-03-04,Test,0.0003124417213979619,0.5344827586206896,-0.0028965097294937764,0.033131641648943305,0.049706203396139514,0.016702421561342887,0.5632183908045977
ws12hd32,2019-07-04,2020-05-04,Train,1.4834988831133122e-05,0.8903846153846153,0.9530027947756393,0.9330298187345785,1.2960200685920624,1.7556362081150647,0.8952991452991452
ws12hd32,2019-07-04,2020-05-04,Test,0.0005250353620353843,0.4774193548387097,-0.03512857133913369,-0.07801774541329924,-0.02759144924880777,-0.010934279066536831,0.48387096774193544
ws12hd32,2019-09-04,2020-07-04,Train,1.074393676847242e-05,0.9044871794871795,0.9785473978377935,0.9618506577768766,1.2158909719606215,2.1589942265387783,0.9059829059829059
ws12hd32,2019-09-04,2020-07-04,Test,0.000302319001404228,0.532258064516129,0.08333623262438539,0.08724813020443635,-0.012775437197529674,-0.003419282582711047,0.5806451612903226
ws12hd32,2019-11-04,2020-09-04,Train,1.3751226286329192e-05,0.9025806451612903,0.974475010755619,0.9603766622708577,1.3383662563341308,2.3370253075040033,0.9290322580645162
ws12hd32,2019-11-04,2020-09-04,Test,0.0003399640104343846,0.5818181818181818,0.10699647687584024,0.169026846393948,-0.1950171997106772,-0.05176108829661452,0.5252525252525252
ws12hd32,2020-01-04,2020-11-04,Train,1.6476688384562866e-05,0.9215189873417722,0.9745560051267337,0.970031710290137,1.3966944860823463,2.509818295932458,0.9240506329113924
ws12hd32,2020-01-04,2020-11-04,Test,0.0002563916974062133,0.5161290322580645,-0.012291054968304425,0.010835807933438324,-0.13910413520830917,-0.04653362887294225,0.47311827956989244
ws12hd32,2020-03-04,2021-01-04,Train,1.7555440141784856e-05,0.9075,0.9672780508315679,0.9600026163292358,1.4000185160799885,2.4052862942420026,0.9125
ws12hd32,2020-03-04,2021-01-04,Test,0.0002791000278448955,0.4724137931034483,-0.04584341866331023,-0.03697563794587416,0.11375076958877699,0.02199229703689463,0.45977011494252873
ws12hd32,2020-05-04,2021-03-04,Train,6.127304273830251e-06,0.9322784810126582,0.9892839259116046,0.9853943964949341,1.524582539803943,2.2690024404931437,0.9367088607594937
ws12hd32,2020-05-04,2021-03-04,Test,0.0003890647819026479,0.4766666666666667,-0.11077174337468898,-0.14028822542472694,-0.11720298082858108,-0.043915511258692384,0.4444444444444445
ws12hd32,2020-07-04,2021-05-04,Train,1.1257776575401704e-05,0.9301282051282052,0.9827609112954374,0.9780099179116447,1.4988145298853743,2.2768520199476656,0.9188034188034189
ws12hd32,2020-07-04,2021-05-04,Test,0.00022561048711505188,0.5580645161290323,0.0457398633876649,0.09668356120653802,0.007866430740185767,0.0020088594893218053,0.5698924731182795
ws12hd32,2020-09-04,2021-07-04,Train,7.3242322680421e-06,0.948051948051948,0.9884278607856728,0.9844226758437475,1.4652947869166024,2.1503262491704893,0.9285714285714286
ws12hd32,2020-09-04,2021-07-04,Test,0.00020449472813454503,0.5193548387096775,0.05109910359763429,0.07802417466664922,0.28966329974449445,0.07911301352565278,0.5913978494623656
ws12hd32,2020-11-04,2021-09-04,Train,8.262016436880499e-06,0.9487012987012987,0.9834326951984074,0.9793041289619622,1.524424967417072,2.106948131313679,0.9177489177489178
ws12hd32,2020-11-04,2021-09-04,Test,0.0001944911307616491,0.503125,0.012423944478909418,-0.02649562007441479,0.004694243864258552,0.0012989746082484425,0.46874999999999994
ws12hd32,2021-01-04,2021-11-04,Train,7.661373900311677e-06,0.9563291139240506,0.9874201680836588,0.9822187342986098,1.494548542835848,1.9786289982568392,0.9324894514767933
ws12hd32,2021-01-04,2021-11-04,Test,0.00021385234433260225,0.5032258064516129,0.014178522173176823,-0.011092794426715192,-0.002231795178174427,-0.00044115834586942564,0.5591397849462366
ws12hd32,2021-03-04,2022-01-04,Train,7.937543268519532e-06,0.92375,0.976463964467425,0.9685606100473132,1.7475341065942573,1.8165835653193432,0.94375
ws12hd32,2021-03-04,2022-01-04,Test,0.00039103356325949297,0.46,-0.11475245773582363,-0.07808008277443282,-0.14924641006741313,-0.05980700329879742,0.4888888888888889
ws12hd32,2021-05-04,2022-03-04,Train,8.677068353273084e-06,0.9213836477987422,0.9773959727077581,0.9683153980717288,1.5856630458378496,1.9133944758815322,0.9308176100628931
ws12hd32,2021-05-04,2022-03-04,Test,0.0004503678306715107,0.5266666666666666,0.05449904926439738,0.08364138308663294,0.032284629297019474,0.010867113378518683,0.46666666666666673
ws12hd32,2021-07-04,2022-05-04,Train,1.0590754917337535e-05,0.9222929936305733,0.9780545644347691,0.9650555739401374,1.4070407497474364,2.0526598209500517,0.9129511677282378
ws12hd32,2021-07-04,2022-05-04,Test,0.0003647274975567514,0.4774193548387097,-0.027058971182859243,-0.0570014994617446,-0.13305389771868625,-0.05527424980202702,0.47311827956989244
ws12hd32,2021-09-04,2022-07-04,Train,1.4069494450205792e-05,0.9309677419354838,0.9818572591595807,0.9760067908132168,1.3599242079748086,2.227375616518561,0.9053763440860215
ws12hd32,2021-09-04,2022-07-04,Test,0.00046487616917729937,0.4689655172413793,-0.019985125445692295,-0.04559209050222733,0.01890624473926287,0.006006892846565743,0.5057471264367815
ws12hd32,2021-11-04,2022-09-04,Train,1.3286675115613005e-05,0.9287581699346406,0.9824842142902839,0.9754720705302415,1.3895132804528016,2.415351554109691,0.9019607843137255
ws12hd32,2021-11-04,2022-09-04,Test,0.00033512225855829086,0.496875,0.014752303894412469,0.029837879566500983,-0.30360776127833544,-0.08503992418302757,0.46874999999999994
ws12hd32,2022-01-04,2022-11-04,Train,1.228425226931866e-05,0.9282051282051282,0.9805858856391458,0.9753730444703953,1.3106548066195316,2.3689632843117776,0.9038461538461539
ws12hd32,2022-01-04,2022-11-04,Test,0.00040171599375417603,0.46875,-0.06202102979851694,-0.05102504376722096,-0.011761366969768828,-0.004412985619018702,0.5416666666666666
ws12hd64,2019-01-04,2019-11-04,Train,6.418532431661026e-06,0.9538461538461539,0.9904553506432529,0.9873274329721987,1.4415594469694204,1.9260797368605704,0.9444444444444445
ws12hd64,2019-01-04,2019-11-04,Test,0.00023172008504402514,0.525,0.0386929963053326,0.044620675006591864,-0.07886994230964477,-0.023159091749975335,0.53125
ws12hd64,2019-03-04,2020-01-04,Train,6.619669580913924e-06,0.950625,0.987469895301151,0.9844062494668195,1.4028894149267355,1.8921812270815705,0.93125
ws12hd64,2019-03-04,2020-01-04,Test,0.0001667408333876013,0.5166666666666667,0.04866463465877539,0.043692485472060796,0.1565240488779668,0.0359576457641862,0.5111111111111111
ws12hd64,2019-05-04,2020-03-04,Train,5.464937170438658e-06,0.9528662420382166,0.9899153133558777,0.9852069422986639,1.460832848298833,1.8602921256578757,0.9426751592356688
ws12hd64,2019-05-04,2020-03-04,Test,0.00032330369350631085,0.4896551724137931,-0.02156374039066671,0.01244124843011377,-0.12873682559335736,-0.041276349271418544,0.48275862068965514
ws12hd64,2019-07-04,2020-05-04,Train,4.788589808719668e-06,0.9544871794871795,0.992467793528047,0.9887679664915149,1.405045636357304,1.850828873600897,0.9358974358974359
ws12hd64,2019-07-04,2020-05-04,Test,0.0004952687259838954,0.532258064516129,-0.0577629607474755,-0.07590983812255019,0.026654194226757133,0.014263262138024084,0.5483870967741935
ws12hd64,2019-09-04,2020-07-04,Train,1.2031161899344839e-05,0.9192307692307692,0.9784251882994167,0.9652028345777629,1.2309272354534955,2.1715573526251823,0.9081196581196582
ws12hd64,2019-09-04,2020-07-04,Test,0.00034910101567189763,0.49032258064516127,-0.01715516620807416,-0.014551324591676124,-0.022113840724674816,-0.0079940200149374,0.5268817204301075
ws12hd64,2019-11-04,2020-09-04,Train,8.584967533590572e-06,0.9419354838709677,0.9904707223880829,0.9854187304050003,1.3935619065053575,2.386728368685758,0.9376344086021504
ws12hd64,2019-11-04,2020-09-04,Test,0.000286129920569998,0.5363636363636364,0.041889016975533745,0.10649884922559602,0.046340182487366134,0.012524999421046658,0.5656565656565656
ws12hd64,2020-01-04,2020-11-04,Train,1.1679134488170838e-05,0.9582278481012658,0.9914425427376691,0.9893462557085421,1.4244725009620351,2.555191896567808,0.940928270042194
ws12hd64,2020-01-04,2020-11-04,Test,0.0002477432185675082,0.5064516129032258,0.06024319374613214,0.05312045327477973,0.16279472918743085,0.0463096801872945,0.5268817204301075
ws12hd64,2020-03-04,2021-01-04,Train,8.464657244046209e-06,0.955,0.9905629605416544,0.9885791709352055,1.5039276147301759,2.4975640681123927,0.9479166666666667
ws12hd64,2020-03-04,2021-01-04,Test,0.0002321575742187301,0.5103448275862069,0.1303771100395522,0.1079238026025742,0.4450518972389615,0.10475446436528656,0.5517241379310344
ws12hd64,2020-05-04,2021-03-04,Train,8.164441730620821e-06,0.9443037974683545,0.9890812874066357,0.9863051838533766,1.512823987499542,2.2690637245587673,0.9409282700421943
ws12hd64,2020-05-04,2021-03-04,Test,0.00031699193412503647,0.5366666666666666,0.08789077787087769,0.05776641962688474,-0.018453358558730246,-0.007027687096832075,0.4666666666666666
ws12hd64,2020-07-04,2021-05-04,Train,1.0945445975018506e-05,0.9352564102564103,0.9866299180218707,0.9828362678182183,1.526759485828344,2.290872215247178,0.9316239316239315
ws12hd64,2020-07-04,2021-05-04,Test,0.000223226467768407,0.4967741935483871,-0.014116198974783428,-0.0409495046942518,-0.0848064684119644,-0.0259128395630793,0.5376344086021505
ws12hd64,2020-09-04,2021-07-04,Train,9.555218814983859e-06,0.9448051948051948,0.9880868190957417,0.9844350889718521,1.4790140621163985,2.1547647747070027,0.9242424242424241
ws12hd64,2020-09-04,2021-07-04,Test,0.00022378222029147016,0.5225806451612903,0.0271660943975395,0.0861722236040857,0.10007802149997803,0.02815035535164089,0.5053763440860214
ws12hd64,2020-11-04,2021-09-04,Train,9.998501709363773e-06,0.9558441558441558,0.9892152328022294,0.9861321197101341,1.5368078897842035,2.1185430190639645,0.9242424242424243
ws12hd64,2020-11-04,2021-09-04,Test,0.000184364919465276,0.49375,-0.07067695625255153,-0.0067764333636070664,-0.1244878252213585,-0.034720026215468026,0.45833333333333326
ws12hd64,2021-01-04,2021-11-04,Train,6.467934477777053e-06,0.9550632911392405,0.9914251359444617,0.9885528179656415,1.5020089486081287,1.9906675632050401,0.930379746835443
ws12hd64,2021-01-04,2021-11-04,Test,0.0001759957723186063,0.5064516129032258,-0.04724299186482034,-0.04493410525234562,-0.07703671258449013,-0.01876756381016153,0.5268817204301075
ws12hd64,2021-03-04,2022-01-04,Train,6.042907331951508e-06,0.9475,0.9878422204755852,0.9836101790245587,1.7881107954446505,1.8465560130920233,0.9583333333333333
ws12hd64,2021-03-04,2022-01-04,Test,0.00037185472194972783,0.4666666666666667,-0.05364260402185748,-0.031617504573418345,0.027444472426114665,0.01067312228510833,0.4888888888888888
ws12hd64,2021-05-04,2022-03-04,Train,6.539853472867806e-06,0.9490566037735849,0.9857031494514008,0.9794830973646809,1.6119409040607025,1.9311943008822727,0.9329140461215933
ws12hd64,2021-05-04,2022-03-04,Test,0.00041880000192918727,0.5333333333333333,0.11417543437486374,0.039349552700536104,0.26417907502253857,0.10466498440891366,0.5
ws12hd64,2021-07-04,2022-05-04,Train,8.14676079972291e-06,0.9337579617834395,0.9872757110014192,0.9805911450000697,1.4527710181102402,2.093489012635714,0.9214437367303608
ws12hd64,2021-07-04,2022-05-04,Test,0.00034848714483155937,0.5387096774193548,0.007425020517091945,0.04765065864536874,-0.14351558345949317,-0.04387794234646895,0.47311827956989244
ws12hd64,2021-09-04,2022-07-04,Train,1.0745705388565204e-05,0.9612903225806452,0.990806508585949,0.9897271518258112,1.3920737152909206,2.2596348991092334,0.9161290322580645
ws12hd64,2021-09-04,2022-07-04,Test,0.0003834194694365171,0.5103448275862069,0.050897998150415624,0.026212216934529173,0.223689156927461,0.06754216385461899,0.5862068965517241
ws12hd64,2021-11-04,2022-09-04,Train,1.2528606966441476e-05,0.9529411764705882,0.991009293380404,0.9895764817304592,1.4132491449266074,2.4537151519937606,0.9150326797385621
ws12hd64,2021-11-04,2022-09-04,Test,0.0003053240898615706,0.5125,0.008053844064971734,0.04142673891713489,-0.3046264715490378,-0.09034285710157851,0.45833333333333326
ws12hd64,2022-01-04,2022-11-04,Train,7.0903246184022244e-06,0.9525641025641025,0.9917439452417236,0.990145886697586,1.332997055427904,2.4008904312664874,0.9188034188034189
ws12hd64,2022-01-04,2022-11-04,Test,0.0003938748854529545,0.440625,-0.10426766081267519,-0.14851374558963454,-0.10724000017883156,-0.041273643003312044,0.5104166666666666
ws12hd128,2019-01-04,2019-11-04,Train,5.697163040992459e-06,0.9621794871794872,0.9919361505954497,0.9889637590786046,1.4370103076592176,1.920743680235527,0.9401709401709403
ws12hd128,2019-01-04,2019-11-04,Test,0.00022625295748605962,0.50625,0.059732090625482556,0.07356590396390589,0.016342536148340157,0.005910463681057819,0.5104166666666666
ws12hd128,2019-03-04,2020-01-04,Train,7.383502327974408e-06,0.946875,0.9884701701030041,0.9842533211838657,1.4114740149907061,1.8954204527527763,0.9333333333333333
ws12hd128,2019-03-04,2020-01-04,Test,0.00017738666395708896,0.5,0.04610015147309405,0.04794319936888187,0.10070273140363041,0.022416740336141744,0.5444444444444444
ws12hd128,2019-05-04,2020-03-04,Train,5.517405229688887e-06,0.9573248407643312,0.9895592817365222,0.988224337038666,1.4656745341058293,1.8658367772173419,0.9426751592356688
ws12hd128,2019-05-04,2020-03-04,Test,0.0002345263623047688,0.5137931034482759,-0.06980565668695946,-0.0554019462283983,-0.10639159612270656,-0.035308409723880066,0.4712643678160918
ws12hd128,2019-07-04,2020-05-04,Train,7.534211413511304e-06,0.9493589743589743,0.9827818897851481,0.981285281820584,1.38469641612142,1.8252393121817425,0.9294871794871795
ws12hd128,2019-07-04,2020-05-04,Test,0.0004561074068835957,0.4870967741935484,-0.045755360743381636,-0.05883369445293823,-0.017348942412771105,-0.0068836611272028204,0.5053763440860215
ws12hd128,2019-09-04,2020-07-04,Train,1.9133357085370954e-05,0.9128205128205128,0.9690287558447418,0.959690002138405,1.2197387564732243,2.1613049862152063,0.9145299145299145
ws12hd128,2019-09-04,2020-07-04,Test,0.00027823163465916245,0.5516129032258065,0.14627228898317507,0.15872683714274494,0.055509960804487384,0.01572382728365038,0.5268817204301075
ws12hd128,2019-11-04,2020-09-04,Train,7.934356986191185e-06,0.9490322580645161,0.9916888625856579,0.9887733456441294,1.3941408384872487,2.396044013381842,0.9419354838709677
ws12hd128,2019-11-04,2020-09-04,Test,0.0002797364606520413,0.5212121212121212,0.05591891415818185,0.04160969839442552,-0.04954773335602475,-0.018743144674582744,0.4949494949494949
ws12hd128,2020-01-04,2020-11-04,Train,9.638285355894213e-06,0.9531645569620253,0.9906834216750708,0.9889180135253756,1.4238264858913827,2.5480266011915944,0.9430379746835443
ws12hd128,2020-01-04,2020-11-04,Test,0.000248479123953537,0.5161290322580645,-0.024161664908634316,0.0015063104316682817,-0.07571470296350616,-0.023848298745385695,0.49462365591397844
ws12hd128,2020-03-04,2021-01-04,Train,9.887308665877741e-06,0.95375,0.9921151926926328,0.9905705155301656,1.501546885540887,2.5076401429998736,0.95
ws12hd128,2020-03-04,2021-01-04,Test,0.00024224023357901852,0.4724137931034483,0.04607303514066037,0.009745904118656301,0.09519220850760532,0.028603501538038367,0.4597701149425287
ws12hd128,2020-05-04,2021-03-04,Train,1.1159433379777095e-05,0.95,0.9874340686148719,0.9836349117199095,1.5116560834740633,2.266003651011482,0.9345991561181436
ws12hd128,2020-05-04,2021-03-04,Test,0.00035441592995565254,0.51,-0.057892062782280214,-0.0747941643796042,0.0741340205654903,0.027476021032232067,0.5111111111111111
ws12hd128,2020-07-04,2021-05-04,Train,9.970814271056587e-06,0.9525641025641025,0.9889711292113981,0.9866964639621776,1.531764144644365,2.298700435109974,0.9380341880341879
ws12hd128,2020-07-04,2021-05-04,Test,0.0002341740534941574,0.5096774193548387,-0.079002835316683,-0.042929317850643946,-0.2228820801739476,-0.0699069183130019,0.44086021505376344
ws12hd128,2020-09-04,2021-07-04,Train,7.69221874017579e-06,0.9545454545454546,0.9922823251305779,0.9899210081820429,1.4772914700440691,2.168264179687972,0.9264069264069266
ws12hd128,2020-09-04,2021-07-04,Test,0.00020976972030138527,0.5129032258064516,0.0013561717081741406,0.017745208318437743,0.008023040614108667,0.002415117511471456,0.5591397849462365
ws12hd128,2020-11-04,2021-09-04,Train,5.443744885258935e-06,0.9603896103896103,0.993030700777457,0.9912356631762707,1.533291902859394,2.1207628650194716,0.9242424242424243
ws12hd128,2020-11-04,2021-09-04,Test,0.00017586645578644128,0.440625,-0.09736017223135292,-0.0948587144405707,0.019798046023592638,0.00501366194157562,0.49999999999999994
ws12hd128,2021-01-04,2021-11-04,Train,7.96238182263203e-06,0.9645569620253165,0.992249855287322,0.9905800088343808,1.5074327510468597,1.9902082649031771,0.930379746835443
ws12hd128,2021-01-04,2021-11-04,Test,0.0001725623905812315,0.5387096774193548,0.09205164410688305,0.07357473089747167,0.24128332848922757,0.04300761724782069,0.5591397849462365
ws12hd128,2021-03-04,2022-01-04,Train,7.381183519537343e-06,0.948125,0.9833528275601768,0.9802679770109383,1.8152096260873516,1.8498364718222446,0.9520833333333334
ws12hd128,2021-03-04,2022-01-04,Test,0.0003895886174724484,0.49,-0.1708048280932691,-0.11530610158714448,-0.19765919331559872,-0.08560974066270846,0.43333333333333335
ws12hd128,2021-05-04,2022-03-04,Train,6.710941530368301e-06,0.9553459119496855,0.9894307183435769,0.9871170205031374,1.6334747653622967,1.93322551770855,0.9350104821802936
ws12hd128,2021-05-04,2022-03-04,Test,0.00042636381981306186,0.5433333333333333,0.036566803254948294,0.07817621064414215,0.06948193734548783,0.032401234398145025,0.4222222222222222
ws12hd128,2021-07-04,2022-05-04,Train,7.231730018635675e-06,0.9477707006369427,0.9906856189127847,0.9867059771450237,1.4647866734453345,2.1060895448944565,0.9299363057324841
ws12hd128,2021-07-04,2022-05-04,Test,0.00036095140084497015,0.5290322580645161,-0.030138985358178397,0.0016750870825751267,-0.17690671644897596,-0.057502657327034704,0.4623655913978495
ws12hd128,2021-09-04,2022-07-04,Train,7.931369420991628e-06,0.9464516129032258,0.9926469556412949,0.9909970408963683,1.39355598946843,2.2569464909642116,0.913978494623656
ws12hd128,2021-09-04,2022-07-04,Test,0.00034334356425420447,0.506896551724138,0.11605600816567029,0.08624910942377519,0.20378613936742665,0.06058064735625089,0.5747126436781609
ws12hd128,2021-11-04,2022-09-04,Train,9.452994945989085e-06,0.9535947712418301,0.9909875364545722,0.9884525745877517,1.4106814599638173,2.444397871701921,0.9084967320261438
ws12hd128,2021-11-04,2022-09-04,Test,0.00026275930679977254,0.55625,0.09056420186699529,0.12841166616724214,0.008789607982967917,0.0028461609831576876,0.4895833333333333
ws12hd128,2022-01-04,2022-11-04,Train,2.350895834583882e-05,0.9230769230769231,0.9744288788096583,0.9703544136470027,1.2968729207931708,2.345268981620534,0.8910256410256411
ws12hd128,2022-01-04,2022-11-04,Test,0.000322356512848053,0.521875,0.05268832415947617,-0.001445082736113671,0.06373018785508454,0.019637374997937232,0.5625
ws16hd16,2019-01-04,2019-11-04,Train,2.2909821112456132e-05,0.8690789473684211,0.9279372092714423,0.8984995033590208,1.2711325806718536,1.6759931201408067,0.8925438596491228
ws16hd16,2019-01-04,2019-11-04,Test,0.0003089667400309364,0.44642857142857145,-0.1770314134457706,-0.20060787947368133,-0.3234366768338084,-0.10793446687666543,0.38095238095238093
ws16hd16,2019-03-04,2020-01-04,Train,3.427452094752172e-05,0.8423076923076923,0.8958957076270853,0.8523399021283035,1.1749886754333831,1.59528176697911,0.8525641025641025
ws16hd16,2019-03-04,2020-01-04,Test,0.000165907972777654,0.46153846153846156,-0.03028395874520562,-0.05296437020574951,0.06393204931612095,0.011796873425301405,0.4487179487179487
ws16hd16,2019-05-04,2020-03-04,Train,5.077730833555761e-05,0.7862745098039216,0.8320164078405077,0.7623560124046026,1.063769665324264,1.4354962893712433,0.8126361655773421
ws16hd16,2019-05-04,2020-03-04,Test,0.00025500121199424473,0.484,-0.03838885040560114,-0.008019200307204915,0.2973416006453194,0.06252319876892126,0.5066666666666666
ws16hd16,2019-07-04,2020-05-04,Train,5.641476566318162e-05,0.7697368421052632,0.8071988986727197,0.7421329768524133,0.9616903076262256,1.3618721476778557,0.7960526315789472
ws16hd16,2019-07-04,2020-05-04,Test,0.0005046172578051065,0.4703703703703704,-0.06555091962698734,-0.08696933809486791,0.1241414908619044,0.05151855025814235,0.5432098765432098
ws16hd16,2019-09-04,2020-07-04,Train,4.067980514600149e-05,0.8223684210526315,0.9120046259019887,0.8611916753244836,1.0674781822946822,1.9195387746064447,0.8552631578947368
ws16hd16,2019-09-04,2020-07-04,Test,0.0002563526631538541,0.5592592592592592,0.12870906880685581,0.14706587958072886,0.2203513454606686,0.06865760635447558,0.5802469135802468
ws16hd16,2019-11-04,2020-09-04,Train,3.9241345939945776e-05,0.8470198675496688,0.9223868049590891,0.8871350154598655,1.178528757305747,2.083413277839747,0.8719646799116997
ws16hd16,2019-11-04,2020-09-04,Test,0.00026653728481623804,0.5586206896551724,0.10374690315432922,0.10572441100820831,0.04073138776224191,0.013664398199120248,0.5172413793103448
ws16hd16,2020-01-04,2020-11-04,Train,4.251243685799184e-05,0.8590909090909091,0.9268978466997038,0.907469272960588,1.252884484623461,2.301777731257733,0.8874458874458874
ws16hd16,2020-01-04,2020-11-04,Test,0.00038041855012171466,0.4925925925925926,-0.0736635215064105,-0.03732472882934155,-0.24871554521888756,-0.05968951953232244,0.4444444444444444
ws16hd16,2020-03-04,2021-01-04,Train,3.674451616676815e-05,0.867948717948718,0.9261082037888081,0.9136894878871513,1.3459149322862072,2.159890897209537,0.8846153846153846
ws16hd16,2020-03-04,2021-01-04,Test,0.0002832416032115789,0.488,-0.11076949698410218,-0.10284951759228146,-0.09675206887910448,-0.01955663728002889,0.43999999999999995
ws16hd16,2020-05-04,2021-03-04,Train,3.4735625902088335e-05,0.8506493506493507,0.9222155773567584,0.9014266459938367,1.3201086066623764,1.9926529753148736,0.8701298701298701
ws16hd16,2020-05-04,2021-03-04,Test,0.0003214806904927062,0.5538461538461539,0.1265039524723911,0.1210539072608038,0.04432834705454241,0.01656236579011953,0.5256410256410257
ws16hd16,2020-07-04,2021-05-04,Train,3.733120885380291e-05,0.8631578947368421,0.9204783668004848,0.8957136250152383,1.3326350468741153,2.027211652260616,0.868421052631579
ws16hd16,2020-07-04,2021-05-04,Test,0.0002791659197837496,0.46296296296296297,-0.08819090979295359,-0.07366630543628855,-0.2559058410822781,-0.04766564690621283,0.44444444444444436
ws16hd16,2020-09-04,2021-07-04,Train,0.00016074181098752423,0.68,0.5925776822138352,0.5467625058480811,0.6844499775375634,1.1342949315450244,0.6933333333333332
ws16hd16,2020-09-04,2021-07-04,Test,0.00021113768361021053,0.5148148148148148,0.014491793776100118,0.04272303689579646,0.2696078817788563,0.05560990391949106,0.6296296296296297
ws16hd16,2020-11-04,2021-09-04,Train,0.00017854542672554767,0.6433333333333333,0.4366379544474746,0.3943710040209628,0.5427952182288912,0.850253028790378,0.6644444444444444
ws16hd16,2020-11-04,2021-09-04,Test,0.00014503899782277905,0.5392857142857143,0.07401219397916409,0.06359337673767704,0.13311429621274642,0.03984418549320913,0.5357142857142857
ws16hd16,2021-01-04,2021-11-04,Train,3.319215391403637e-05,0.861038961038961,0.9103220863020038,0.8843120432613599,1.231145988606597,1.700643142802602,0.8463203463203464
ws16hd16,2021-01-04,2021-11-04,Test,0.0002684551865018276,0.5333333333333333,-0.06674674862387675,-0.0013738947798399915,0.01090351736149417,0.0016830600948604432,0.5555555555555556
ws16hd16,2021-03-04,2022-01-04,Train,1.6824933277080258e-05,0.8711538461538462,0.9406838467756187,0.9261788092476423,1.6400742338877419,1.6774305748463716,0.9081196581196581
ws16hd16,2021-03-04,2022-01-04,Test,0.00043232949098684446,0.46923076923076923,-0.15646676687118205,-0.15633342482359533,-0.43191921057009447,-0.13694806878909846,0.34615384615384615
ws16hd16,2021-05-04,2022-03-04,Train,4.593260725707935e-05,0.807741935483871,0.8596896551880427,0.8192450094622564,1.2791728681554964,1.5888370168722452,0.832258064516129
ws16hd16,2021-05-04,2022-03-04,Test,0.000517940856017512,0.5038461538461538,-0.040106689487804645,-0.025961922513646648,0.08652802269615073,0.01825873819451655,0.47435897435897434
ws16hd16,2021-07-04,2022-05-04,Train,3.3552338789906624e-05,0.8509803921568627,0.9261967033511368,0.8943838737895553,1.2665399276287843,1.8449808351656363,0.8474945533769065
ws16hd16,2021-07-04,2022-05-04,Test,0.00036619147959701394,0.5037037037037037,0.07136545096822558,0.049940938071090735,0.00042465197813051323,0.00012698450845271408,0.5061728395061729
ws16hd16,2021-09-04,2022-07-04,Train,3.707324010256504e-05,0.8615894039735099,0.9310941285396046,0.9072220175977579,1.2323053807856152,1.989139803683355,0.8432671081677705
ws16hd16,2021-09-04,2022-07-04,Test,0.00042240358700600686,0.472,0.016920630600134278,-0.02095867536287186,-0.09303843656712724,-0.024493231883400475,0.4666666666666666
ws16hd16,2021-11-04,2022-09-04,Train,3.428345524857415e-05,0.8832214765100671,0.9459619391272893,0.9356487015481588,1.2747662346151833,2.2411199040110956,0.8657718120805369
ws16hd16,2021-11-04,2022-09-04,Test,0.0004782255671806683,0.4785714285714286,-0.09887225570401925,-0.07290453777653869,-0.1667548751437504,-0.041954988589021566,0.4999999999999999
ws16hd16,2022-01-04,2022-11-04,Train,3.6087909307460365e-05,0.8855263157894737,0.9361684147455158,0.9277985381145676,1.2416946721054518,2.1611699530081347,0.8640350877192982
ws16hd16,2022-01-04,2022-11-04,Test,0.0004895887043393449,0.43214285714285716,-0.04746358042092505,-0.14058692637851036,-0.1281340240488962,-0.04244022567880122,0.4404761904761905
ws10hd64,2019-01-04,2019-11-04,Train,7.209949328916231e-06,0.9493670886075949,0.9900679250915225,0.9851202574516663,1.4402679938554457,1.9457448294510016,0.9409282700421943
ws10hd64,2019-01-04,2019-11-04,Test,0.00023559798130105264,0.5205882352941177,-0.007290487047644817,0.03101054710935318,-0.05422735153029642,-0.02157550226612188,0.4901960784313726
ws10hd32,2019-01-04,2019-11-04,Train,6.780979116579566e-06,0.9329113924050633,0.9823657201409032,0.9745500933487516,1.4181847627406603,1.9228664702031129,0.9388185654008437
ws10hd32,2019-01-04,2019-11-04,Test,0.00024268014110502393,0.5058823529411764,0.0025246426038772127,-0.0012111849125501291,-0.13778415089548185,-0.0550046636368515,0.4901960784313725
ws10hd16,2019-01-04,2019-11-04,Train,2.454629616139781e-05,0.8607594936708861,0.9261055674596217,0.8867286136628202,1.2618021583232815,1.7665603297300088,0.8902953586497891
ws10hd16,2019-01-04,2019-11-04,Test,0.00022846184256198392,0.5029411764705882,0.031369703974557336,0.05546964328512918,0.02958078796647354,0.010073775183502122,0.4999999999999999
ws16hd32,2019-01-04,2019-11-04,Train,6.557729123191319e-06,0.9427631578947369,0.9848123416032054,0.9772180839503222,1.4605020246216716,1.8286332493413535,0.9364035087719299
ws16hd32,2019-01-04,2019-11-04,Test,0.0002502141446617748,0.49642857142857144,0.017837492132938323,-0.03474862106477305,-0.011093313608004422,-0.003827985366421068,0.47619047619047616
ws10hd64,2019-03-04,2020-01-04,Train,5.088338121503089e-06,0.9567901234567902,0.9916530824928128,0.9886038719178917,1.4149238193174003,1.917393352251334,0.9300411522633746
ws10hd64,2019-03-04,2020-01-04,Test,0.00018775925543335157,0.509375,0.0055321250646482995,0.00494755808162189,0.1383315398806719,0.03148478897854389,0.5520833333333333
ws16hd64,2019-01-04,2019-11-04,Train,4.72754185165488e-06,0.9546052631578947,0.9925660813358805,0.9888473893923827,1.4804489370809941,1.8462554110988387,0.9473684210526315
ws16hd64,2019-01-04,2019-11-04,Test,0.0002381685022259186,0.48928571428571427,0.04137765673505539,0.00532714520775593,0.06690331351018884,0.019780536626143014,0.5119047619047618
ws10hd32,2019-03-04,2020-01-04,Train,1.0158907632548616e-05,0.9209876543209876,0.972714920557306,0.9595781702273412,1.3790221211989206,1.8843535075840214,0.917695473251029
ws10hd32,2019-03-04,2020-01-04,Test,0.00017826895630692984,0.521875,-0.013932567088690721,0.03198554185099464,0.23688266254021095,0.05241616873368266,0.6458333333333333
ws10hd16,2019-03-04,2020-01-04,Train,4.4348019255144885e-05,0.8055555555555556,0.8627725414687075,0.8159571801220619,1.116987718007661,1.5865318054981254,0.8395061728395061
ws10hd16,2019-03-04,2020-01-04,Test,0.00018948294860233398,0.53125,0.07190059775446006,0.019959789646383265,0.14874333427463396,0.04026040375445239,0.53125
ws10hd64,2019-05-04,2020-03-04,Train,5.384847418887145e-06,0.9553459119496855,0.9910627331227355,0.9861861668130212,1.4684026621574096,1.8859908132578806,0.9392033542976937
ws10hd64,2019-05-04,2020-03-04,Test,0.00020778241944587275,0.5258064516129032,0.05854675659261347,0.07781189358151826,0.18273330716343883,0.0528236063736005,0.5806451612903225
ws16hd64,2019-03-04,2020-01-04,Train,8.14745257862867e-06,0.9467948717948718,0.9870814455671613,0.9820707187555763,1.4125052422612794,1.8403572108358175,0.9358974358974359
ws16hd64,2019-03-04,2020-01-04,Test,0.0001450111751304012,0.5538461538461539,0.15023877148013498,0.14672838810769845,0.5068459791968953,0.09576729704867491,0.5769230769230769
ws10hd32,2019-05-04,2020-03-04,Train,5.077634005535516e-06,0.9364779874213837,0.9876597852361964,0.9815890814790126,1.457278036502576,1.8761548258711263,0.9287211740041929
ws10hd32,2019-05-04,2020-03-04,Test,0.0002454871894962557,0.5387096774193548,0.03569133826417584,0.06905721216930524,0.15677291224215037,0.056019800798134976,0.5483870967741935
ws16hd32,2019-03-04,2020-01-04,Train,6.4884675840687265e-06,0.9378205128205128,0.9834432339646585,0.9764535901716365,1.410519490049948,1.832901214678676,0.9294871794871795
ws16hd32,2019-03-04,2020-01-04,Test,0.00015406774894797298,0.4846153846153846,0.050600669582834365,-0.01415360036049691,-0.007453207439889756,-0.0012611980097662432,0.47435897435897434
ws10hd64,2019-07-04,2020-05-04,Train,5.60442800680366e-06,0.9455696202531646,0.9869850803807318,0.980573242927041,1.3723419989490189,1.8467828958604111,0.9198312236286921
ws10hd64,2019-07-04,2020-05-04,Test,0.0005448115106325516,0.49393939393939396,-0.0182181701700921,-0.0065251476639818055,0.0796530405889197,0.037217936407122856,0.5454545454545454
ws10hd32,2019-07-04,2020-05-04,Train,1.4358188878787889e-05,0.889873417721519,0.9534573380302557,0.9254514888455782,1.2515756653492696,1.7423431127992663,0.8902953586497891
ws10hd32,2019-07-04,2020-05-04,Test,0.0005979672770337557,0.47575757575757577,-0.0339238795436463,-0.08266928994900322,-0.08643187305251819,-0.039108027912445026,0.505050505050505
ws10hd64,2019-09-04,2020-07-04,Train,9.199961013526396e-06,0.9386075949367089,0.9863573409542084,0.980484689285591,1.2579964640318924,2.2159248675757843,0.9240506329113924
ws10hd64,2019-09-04,2020-07-04,Test,0.000306857727274412,0.5636363636363636,0.072074463103275,0.10758442560203825,0.11111809472705009,0.039879424785273974,0.5353535353535354
ws10hd16,2019-05-04,2020-03-04,Train,2.0680457813034063e-05,0.8610062893081761,0.9342120795195374,0.8970601592270318,1.2838988882481608,1.7405204264287408,0.8825995807127885
ws10hd16,2019-05-04,2020-03-04,Test,0.0002682761421835083,0.5612903225806452,0.023832984207720228,0.06248858284249206,0.05340521397745849,0.017899522430836597,0.5591397849462365
ws16hd64,2019-05-04,2020-03-04,Train,4.841930744518889e-06,0.9640522875816994,0.9908928215465702,0.9879803735699881,1.4516496174792648,1.8108232216843236,0.9368191721132898
ws16hd64,2019-05-04,2020-03-04,Test,0.0002627247654372438,0.476,-0.03667365583405317,-0.02638851821629146,0.02350943096577329,0.006429088805103787,0.4933333333333333
ws10hd32,2019-09-04,2020-07-04,Train,1.5070182245715441e-05,0.8911392405063291,0.9690326002575416,0.9474873188456961,1.2034068110480767,2.154121002161405,0.9029535864978904
ws10hd32,2019-09-04,2020-07-04,Test,0.000299013993811507,0.5545454545454546,0.07360159220334056,0.11266937086825239,0.25870745225377584,0.07417165940930842,0.5757575757575758
ws16hd32,2019-05-04,2020-03-04,Train,9.017068458953725e-06,0.918954248366013,0.9758429121484373,0.963884284827946,1.4114121330937313,1.7740998956044893,0.925925925925926
ws16hd32,2019-05-04,2020-03-04,Test,0.000342279003822897,0.504,-0.05401115247424325,-0.023017712283396535,0.06385985046587735,0.01576362338066261,0.5466666666666666
ws10hd64,2019-11-04,2020-09-04,Train,1.0013590052368448e-05,0.9394904458598726,0.9892913578900506,0.9834942136683995,1.3797972724632634,2.409788934438625,0.9363057324840764
ws10hd64,2019-11-04,2020-09-04,Test,0.00027346351388154034,0.5314285714285715,0.06937532890729231,0.09386511610007313,-0.11807822054289438,-0.039130862692643806,0.4857142857142856
ws10hd16,2019-07-04,2020-05-04,Train,4.657192850303265e-05,0.7892405063291139,0.8421792034737011,0.7838726172342457,1.0148671132884266,1.4688806580510918,0.8016877637130801
ws10hd16,2019-07-04,2020-05-04,Test,0.0005613882437138823,0.47575757575757577,-0.11270793070784504,-0.1434468948114287,0.0374563122058987,0.016714741522525296,0.5353535353535352
ws10hd32,2019-11-04,2020-09-04,Train,1.5115401945221376e-05,0.8898089171974523,0.9709926527585517,0.9513412511806505,1.3160577143328485,2.3432659192890126,0.9065817409766455
ws10hd32,2019-11-04,2020-09-04,Test,0.0004023630065685364,0.5428571428571428,0.07815925968628946,0.10263225472394526,-0.019774843261282548,-0.007950576175405922,0.5333333333333332
ws16hd64,2019-07-04,2020-05-04,Train,6.385486792325796e-06,0.9388157894736842,0.9855178295262814,0.9788367338175625,1.3750174214666089,1.7909465568846648,0.9188596491228069
ws16hd64,2019-07-04,2020-05-04,Test,0.0004451378380951857,0.4666666666666667,-0.0914391210173574,-0.07861561886994334,-0.10640621423443114,-0.04329282136172738,0.49382716049382713
ws10hd64,2020-01-04,2020-11-04,Train,1.0058817985617447e-05,0.949375,0.9892520852846631,0.9880661279223828,1.4145243399227432,2.5588666201055297,0.9395833333333334
ws10hd64,2020-01-04,2020-11-04,Test,0.00028988089210678266,0.47878787878787876,-0.04037215054050833,-0.0532956158520343,-0.03419075170113939,-0.0089685410788095,0.4545454545454545
ws10hd16,2019-09-04,2020-07-04,Train,7.048751179339859e-05,0.7531645569620253,0.8392590889060914,0.7636134749060798,0.901569577298268,1.677503041003372,0.7848101265822784
ws10hd16,2019-09-04,2020-07-04,Test,0.0003310508747526653,0.5,0.04198502995059199,0.07251439824558034,0.12877144019288936,0.0346662863598613,0.5454545454545453
ws16hd32,2019-07-04,2020-05-04,Train,1.0292036310176939e-05,0.8986842105263158,0.9673460503728483,0.9502951632615096,1.3318542829739881,1.741929476758879,0.9166666666666665
ws16hd32,2019-07-04,2020-05-04,Test,0.0004814181544848675,0.5074074074074074,-0.05685990085303011,-0.07139954670922173,-0.149459409633317,-0.04385205768495602,0.5432098765432097
ws10hd64,2020-03-04,2021-01-04,Train,1.0195523975614706e-05,0.9555555555555556,0.9869510285706863,0.9837551597582704,1.4499648067126418,2.572358347465543,0.9403292181069958
ws10hd64,2020-03-04,2021-01-04,Test,0.00022361716624435464,0.5838709677419355,0.15700243138021253,0.16484695368052524,0.37348084324464403,0.08899044215986947,0.5268817204301075
ws16hd64,2019-09-04,2020-07-04,Train,8.732892251691052e-06,0.9223684210526316,0.9855811026717869,0.9758408390511384,1.2516965940712677,2.1593893315291663,0.9232456140350876
ws16hd64,2019-09-04,2020-07-04,Test,0.0002961005769716975,0.4666666666666667,0.0005201758215398269,-0.00793822808116557,0.020533012079463498,0.004453604689075534,0.5555555555555556
ws10hd32,2020-01-04,2020-11-04,Train,8.491017215967988e-06,0.946875,0.9898955860062607,0.9857728803068223,1.409096873561526,2.564567736422502,0.94375
ws10hd32,2020-01-04,2020-11-04,Test,0.00029454177134663505,0.4666666666666667,-0.049851259707656755,-0.060906174565184164,-0.04580048693840319,-0.013325990367388877,0.5151515151515151
ws16hd32,2019-09-04,2020-07-04,Train,1.6269241527069293e-05,0.8828947368421053,0.96827625639993,0.9404841099557248,1.195671530184144,2.0986401968280184,0.9100877192982455
ws16hd32,2019-09-04,2020-07-04,Test,0.00027199729407216555,0.5518518518518518,0.07222041278397166,0.05588523543227997,0.22291154914302658,0.04786949400277485,0.5308641975308642
ws10hd16,2019-11-04,2020-09-04,Train,3.4471430299000576e-05,0.8445859872611465,0.9314334375897254,0.9025701178076838,1.2340234328235382,2.2248166856050298,0.8874734607218684
ws10hd16,2019-11-04,2020-09-04,Test,0.0003031638199557055,0.4685714285714286,-0.06634118756736943,0.0028994755642320113,-0.17503316161129726,-0.051200923914948446,0.4857142857142857
ws10hd64,2020-05-04,2021-03-04,Train,6.762545666288939e-06,0.9475,0.9918453806166144,0.9892426423294499,1.5326634136649049,2.3234282712947003,0.94375
ws10hd64,2020-05-04,2021-03-04,Test,0.0003214515349598091,0.4875,-0.00514329464325354,0.004860765241848065,-0.11604486135839373,-0.045616979211564906,0.4270833333333333
ws16hd64,2019-11-04,2020-09-04,Train,1.2122053839719296e-05,0.9397350993377483,0.9860851857838695,0.9806653523551352,1.3884141184466199,2.328436157810914,0.9293598233995584
ws16hd64,2019-11-04,2020-09-04,Test,0.0003693701089425903,0.4517241379310345,-0.15625596820878618,-0.11170701525418933,-0.23894356674351433,-0.07237401510049707,0.43678160919540227
ws10hd16,2020-01-04,2020-11-04,Train,7.03409812939106e-05,0.82,0.8719489486861624,0.8404590579803289,1.0892613473799442,2.147748945224734,0.8375
ws10hd16,2020-01-04,2020-11-04,Test,0.00036500663303271644,0.49696969696969695,-0.009718523895940474,-0.031145472316122833,0.03692463518612024,0.012171585970639078,0.505050505050505
ws10hd64,2020-07-04,2021-05-04,Train,1.1042578965529778e-05,0.9417721518987342,0.9829136652583655,0.9797338509157332,1.495465793798247,2.286691955338725,0.9219409282700421
ws10hd64,2020-07-04,2021-05-04,Test,0.00024839293192721417,0.5242424242424243,-0.05008811916526299,-0.02675156045343099,-0.09235303609284545,-0.03109272436122717,0.5050505050505051
ws10hd32,2020-03-04,2021-01-04,Train,9.365235301555237e-06,0.9382716049382716,0.9852839444125034,0.9803489236683781,1.4399649827244252,2.5617920654466175,0.940329218106996
ws10hd32,2020-03-04,2021-01-04,Test,0.00022482386959219437,0.567741935483871,0.16916005779983861,0.17607650337167544,0.3044423927136531,0.09420053059766056,0.5483870967741934
ws16hd32,2019-11-04,2020-09-04,Train,1.4046472161480237e-05,0.9006622516556292,0.9755658794481892,0.9614224504696337,1.3419859127468343,2.300336971917577,0.9205298013245033
ws16hd32,2019-11-04,2020-09-04,Test,0.0003078766856710132,0.5310344827586206,-0.019383124137802625,0.03186958227802947,0.013931219548341237,0.004235922936864901,0.49425287356321834
ws10hd64,2020-09-04,2021-07-04,Train,8.283920136804801e-06,0.9551282051282052,0.9898450076447092,0.9865635086102844,1.4791536423886542,2.1944210954328067,0.9337606837606839
ws10hd64,2020-09-04,2021-07-04,Test,0.00024163523682100606,0.5,0.00617547530554613,0.007919097679334228,0.17088876655615703,0.048830589190830005,0.5454545454545454
ws16hd64,2020-01-04,2020-11-04,Train,1.1966540967657614e-05,0.9525974025974026,0.9887116980332311,0.9861678978561993,1.4414823076204328,2.52040812310606,0.9437229437229436
ws16hd64,2020-01-04,2020-11-04,Test,0.00038645363230656554,0.4888888888888889,-0.10572742484685563,-0.07881626086647348,-0.010288842815358367,-0.002591662416755772,0.4814814814814814
ws10hd16,2020-03-04,2021-01-04,Train,5.919973056587138e-05,0.8302469135802469,0.8896615431054573,0.8713434923138759,1.208382732029888,2.283076065685812,0.8683127572016462
ws10hd16,2020-03-04,2021-01-04,Test,0.00022518190546888178,0.5741935483870968,0.17541579434939442,0.21543873761622326,0.25400363952881316,0.0687882024723219,0.5483870967741935
ws10hd32,2020-05-04,2021-03-04,Train,7.258488259550315e-06,0.935,0.9899175257837314,0.98520714409716,1.5303242011426452,2.320797658332994,0.9395833333333332
ws10hd32,2020-05-04,2021-03-04,Test,0.0003664035300271693,0.475,-0.049839709029180376,-0.08770105176808368,-0.1675763097574902,-0.07669835911559497,0.39583333333333337
ws10hd64,2020-11-04,2021-09-04,Train,5.860821362700076e-06,0.9570512820512821,0.9931059234341192,0.9906066819210289,1.5518312510744405,2.1597814854790656,0.9273504273504275
ws10hd64,2020-11-04,2021-09-04,Test,0.00017278779062519423,0.5029411764705882,0.052162499614483174,0.00905533988437718,0.11849430142916695,0.03378683507349824,0.5196078431372548
ws16hd32,2020-01-04,2020-11-04,Train,1.0710338553339316e-05,0.9467532467532468,0.9872730312814805,0.9835638860293529,1.42824474810354,2.5065806997540614,0.945887445887446
ws16hd32,2020-01-04,2020-11-04,Test,0.0003336251291212358,0.46296296296296297,-0.07494753796231948,-0.06919746589839844,-0.2966848560984953,-0.0533682952082907,0.39506172839506165
ws16hd64,2020-03-04,2021-01-04,Train,8.542731891737081e-06,0.9423076923076923,0.9902433722165004,0.988495644853548,1.542104777888375,2.374359396218735,0.9444444444444443
ws16hd64,2020-03-04,2021-01-04,Test,0.0002239938389020538,0.528,0.10762441568417977,0.05589785436566984,0.013829366394563086,0.0028419687911849815,0.41333333333333333
ws10hd16,2020-05-04,2021-03-04,Train,5.5356907791400194e-05,0.8275,0.8745298629389275,0.8518976335274748,1.228190255684491,1.9102966773595345,0.8395833333333332
ws10hd16,2020-05-04,2021-03-04,Test,0.00041063727153424197,0.453125,-0.05415880929580068,-0.06432045234816745,-0.05165065599223391,-0.01914944106050811,0.4583333333333333
ws10hd32,2020-07-04,2021-05-04,Train,1.076301112891785e-05,0.9316455696202531,0.9805668742068847,0.9767171760013255,1.480687462586669,2.2812372606238727,0.9219409282700421
ws10hd32,2020-07-04,2021-05-04,Test,0.0002142277202586153,0.5242424242424243,0.10608264364241268,0.05430803688822587,0.012076029723922275,0.003916712363381134,0.5252525252525252
ws10hd64,2021-01-04,2021-11-04,Train,7.937340737054087e-06,0.948125,0.9858028843468584,0.982162997039105,1.5167974683859264,2.0195674767532905,0.93125
ws10hd64,2021-01-04,2021-11-04,Test,0.00018363299450266303,0.5151515151515151,0.03637395584092778,0.022569870831103716,-0.13716411567498102,-0.034766375488401405,0.4949494949494949
ws10hd32,2020-09-04,2021-07-04,Train,1.1593160557369179e-05,0.9198717948717948,0.978664329789205,0.9699560029261892,1.4146816836835503,2.1374025541644026,0.9038461538461539
ws10hd32,2020-09-04,2021-07-04,Test,0.00026268007964631726,0.42727272727272725,-0.1728529257515702,-0.1878169012320841,-0.2044507121049728,-0.03954382185708376,0.47474747474747475
ws16hd32,2020-03-04,2021-01-04,Train,9.073428632554932e-06,0.9326923076923077,0.9838993239745478,0.9811491970196965,1.5293208554052462,2.3675108171615493,0.9401709401709402
ws16hd32,2020-03-04,2021-01-04,Test,0.00026205733745357637,0.516,0.021976440486688658,-0.001719195507128114,0.13495093082595866,0.028706462752564475,0.4799999999999999
ws16hd64,2020-05-04,2021-03-04,Train,9.175060803814899e-06,0.9402597402597402,0.9873812261767211,0.9836839463548019,1.5195282531031404,2.217386988071908,0.9415584415584416
ws16hd64,2020-05-04,2021-03-04,Test,0.00033210317368641615,0.4807692307692308,0.025872332992734764,0.01604962294617467,0.062290817973351856,0.01750562801563416,0.5128205128205128
ws10hd64,2021-03-04,2022-01-04,Train,6.129057739629862e-06,0.9450617283950618,0.9848999910801949,0.9805193040847552,1.7925978428665155,1.874214705447562,0.9465020576131687
ws10hd64,2021-03-04,2022-01-04,Test,0.00044646357425328546,0.453125,-0.13798283405102577,-0.08661239910440946,-0.260792489495397,-0.09588484349315692,0.42708333333333337
ws10hd16,2020-07-04,2021-05-04,Train,3.4304669342977815e-05,0.8607594936708861,0.9261798641197461,0.90854439847711,1.352634196586219,2.122730823345639,0.8776371308016879
ws10hd16,2020-07-04,2021-05-04,Test,0.00026907711021686303,0.5151515151515151,-0.08761151008499007,-0.04059424537665844,-0.19947584601079174,-0.06696134404330736,0.515151515151515
ws10hd32,2020-11-04,2021-09-04,Train,7.507674060140411e-06,0.95,0.9851581748658146,0.9802792408438232,1.533584847162706,2.138454631378382,0.9188034188034189
ws10hd32,2020-11-04,2021-09-04,Test,0.00017967537629676755,0.5117647058823529,0.10706922288956239,0.07271963985033457,0.18161075239814012,0.05601729226397518,0.5686274509803921
ws10hd64,2021-05-04,2022-03-04,Train,1.2499589136529148e-05,0.9136645962732919,0.9685362168849387,0.9560245274537565,1.5642499840855213,1.9026863605850224,0.9233954451345757
ws10hd64,2021-05-04,2022-03-04,Test,0.00042538836033156484,0.48125,0.0059218932552632594,-0.004303753360361816,-0.12060401507309733,-0.057440502227431564,0.39583333333333326
ws16hd64,2020-07-04,2021-05-04,Train,9.90383832974072e-06,0.9578947368421052,0.9890953672051623,0.9866526511787933,1.5388526233310946,2.25468236495404,0.9364035087719297
ws16hd64,2020-07-04,2021-05-04,Test,0.00022492762205504315,0.4222222222222222,-0.13747610995767115,-0.16114929179031565,-0.2755529107563571,-0.06236914892841117,0.43209876543209874
ws10hd64,2021-07-04,2022-05-04,Train,8.000009039548173e-06,0.9477987421383648,0.9910106914826681,0.985419446012904,1.451432568044972,2.1217048974511354,0.9245283018867925
ws10hd64,2021-07-04,2022-05-04,Test,0.00038786529887697725,0.4666666666666667,-0.06816252517495795,-0.08080932373533775,-0.3282779667327992,-0.1242993040516895,0.404040404040404
ws16hd32,2020-05-04,2021-03-04,Train,8.111119016121002e-06,0.9383116883116883,0.9862400523082421,0.9806388776199606,1.5071164724326676,2.1958905084167606,0.935064935064935
ws16hd32,2020-05-04,2021-03-04,Test,0.0003761437192318483,0.43846153846153846,-0.04628990835214486,-0.040055440055440046,0.05693495018782783,0.01882243722184873,0.4871794871794872
ws10hd16,2020-09-04,2021-07-04,Train,3.765824286622877e-05,0.8455128205128205,0.9182654476682668,0.893069170446513,1.2707126949574485,1.9568019501501541,0.8482905982905984
ws10hd16,2020-09-04,2021-07-04,Test,0.00027997891421015724,0.44242424242424244,-0.04162030651240717,-0.08742729919049262,0.14900210077794848,0.030526345813185873,0.505050505050505
ws10hd32,2021-01-04,2021-11-04,Train,7.5747740520099876e-06,0.95,0.9858067977567249,0.9820411263850489,1.5084969069086758,2.006131042077067,0.93125
ws10hd32,2021-01-04,2021-11-04,Test,0.00019570993716414448,0.5333333333333333,0.12259299864312431,0.10760345908510721,0.32733463086991715,0.07079782942139083,0.5555555555555555
ws10hd64,2021-09-04,2022-07-04,Train,1.0634452317671399e-05,0.9547770700636943,0.9917219463095631,0.9885734169595182,1.3864373863512305,2.2853512141929286,0.910828025477707
ws10hd64,2021-09-04,2022-07-04,Test,0.00046718444011094345,0.46774193548387094,-0.04194215445465774,-0.03376518645896215,-0.11794736212416632,-0.02738421176556312,0.5053763440860215
ws16hd64,2020-09-04,2021-07-04,Train,8.018311852741877e-06,0.9593333333333334,0.9900932455406884,0.9881457960140013,1.4479719681984717,2.1076623088141178,0.9244444444444446
ws16hd64,2020-09-04,2021-07-04,Test,0.00023078081195810246,0.5074074074074074,0.05751287791538365,0.031390462603510784,0.2043136013060956,0.049175885374089255,0.5432098765432098
ws10hd64,2021-11-04,2022-09-04,Train,1.1891150815672315e-05,0.9458064516129032,0.9872657961810183,0.9832721715029984,1.3966571591245227,2.4997244417421527,0.9096774193548387
ws10hd64,2021-11-04,2022-09-04,Test,0.0003617974679494302,0.5147058823529411,-0.03534642343486781,-0.030780494547873842,-0.0717819111399185,-0.027507576971876384,0.4901960784313725
ws10hd32,2021-03-04,2022-01-04,Train,8.160754136090736e-06,0.932716049382716,0.9740799857887311,0.964408677838725,1.7813694663640223,1.8543718052840406,0.9444444444444444
ws10hd32,2021-03-04,2022-01-04,Test,0.00043773901426709513,0.4625,-0.0901045203101149,-0.11370699526409726,-0.36064693587518465,-0.08754365994161784,0.39583333333333326
ws16hd32,2020-07-04,2021-05-04,Train,9.701793870134595e-06,0.9289473684210526,0.9818220663363684,0.9758803813831768,1.5063737821357432,2.229556642920924,0.9210526315789473
ws16hd32,2020-07-04,2021-05-04,Test,0.00022878926771996433,0.5592592592592592,0.05818664288011647,0.0628013492030831,-0.21703502840590133,-0.05381724530976383,0.4691358024691358
ws10hd16,2020-11-04,2021-09-04,Train,2.955541440860249e-05,0.875,0.9309618033445941,0.9154120145131743,1.3615714503752432,1.9680805216219168,0.8675213675213674
ws10hd16,2020-11-04,2021-09-04,Test,0.00022680704064997342,0.5117647058823529,0.022479587638969768,0.04129172703000179,0.11679466665053995,0.0426998267053788,0.5490196078431372
ws10hd64,2022-01-04,2022-11-04,Train,8.786648030958083e-06,0.9626582278481013,0.9914324627632998,0.9902860119729576,1.3298182903311193,2.4168068916398617,0.9156118143459917
ws10hd64,2022-01-04,2022-11-04,Test,0.00038132112955833726,0.4235294117647059,-0.1749259636431023,-0.17542262101126987,-0.1023157995785239,-0.03122049552007709,0.5294117647058824
ws16hd64,2020-11-04,2021-09-04,Train,8.03113723847504e-06,0.9546666666666667,0.9892740543082019,0.98678014421747,1.5279537614647574,2.0649259718520705,0.9266666666666666
ws16hd64,2020-11-04,2021-09-04,Test,0.00020223110658405659,0.49642857142857144,-0.07091852129117028,-0.046581497941846926,-0.03902566515590563,-0.01135638430420833,0.49999999999999994
ws10hd32,2021-05-04,2022-03-04,Train,1.6977801784841675e-05,0.884472049689441,0.9519069461330566,0.9309231322461448,1.541838897398926,1.8844580329545297,0.908902691511387
ws10hd32,2021-05-04,2022-03-04,Test,0.0005323719685532318,0.421875,-0.12719105661508062,-0.13677875303763584,-0.08890998193395408,-0.04399902833539027,0.40625
ws16hd32,2020-09-04,2021-07-04,Train,1.4081086736132292e-05,0.9213333333333333,0.9733288147047957,0.9628194494775465,1.4077563758423441,2.0491569507248,0.9044444444444446
ws16hd32,2020-09-04,2021-07-04,Test,0.0002654595664265336,0.5,-0.07548059287428979,-0.051127358857231686,-0.0007680347319864631,-0.00012890506358460038,0.4938271604938271
ws10hd16,2021-01-04,2021-11-04,Train,3.382874773522108e-05,0.85,0.9099385030980368,0.8797240978001591,1.2742208164503153,1.7897562737218116,0.8520833333333334
ws10hd16,2021-01-04,2021-11-04,Test,0.00025171405794138324,0.5272727272727272,-0.0070339721952330635,0.002782394696002718,-0.11338232600661853,-0.030582766132699946,0.46464646464646464
ws10hd32,2021-07-04,2022-05-04,Train,1.0467887560766885e-05,0.9264150943396227,0.9807701043574087,0.9706090153642756,1.420586041860987,2.1011235319179953,0.9119496855345912
ws10hd32,2021-07-04,2022-05-04,Test,0.0003634824249176192,0.4727272727272727,-0.03034505281259487,-0.0557669366694243,-0.09456836282829494,-0.03964778016893176,0.4545454545454545
ws16hd64,2021-01-04,2021-11-04,Train,7.148251663972373e-06,0.9577922077922078,0.9913125937553358,0.9896858424820255,1.5135865655430847,1.9392501902891097,0.935064935064935
ws16hd64,2021-01-04,2021-11-04,Test,0.0002082339924056896,0.5407407407407407,0.004270503582698249,0.007171870975215328,0.11813234840695279,0.020833500366613102,0.5925925925925926
ws10hd32,2021-09-04,2022-07-04,Train,6.9447711181168554e-06,0.9496815286624204,0.9893273693000066,0.9851822240109797,1.3966730419443316,2.28523055517472,0.910828025477707
ws10hd32,2021-09-04,2022-07-04,Test,0.0004228165461441357,0.46774193548387094,-0.026485387047320938,-0.041230070447527314,-0.019547430212725578,-0.005326361215515024,0.4838709677419355
ws16hd32,2020-11-04,2021-09-04,Train,7.023192129788379e-06,0.9466666666666667,0.9868373286849229,0.9835123720665085,1.5012805766542905,2.0461457743016207,0.9155555555555556
ws16hd32,2020-11-04,2021-09-04,Test,0.00018541033192676613,0.5071428571428571,0.08124227806428828,0.00901979434868885,0.16603741661501054,0.03885213522400867,0.5833333333333333
ws10hd16,2021-03-04,2022-01-04,Train,3.0086744654939273e-05,0.8444444444444444,0.8939968157541122,0.8689478793892457,1.4778932214886833,1.6502671166055567,0.8724279835390946
ws10hd16,2021-03-04,2022-01-04,Test,0.00039844473966418637,0.5375,-0.043344384560815526,-0.0004934746446963164,-0.19541549263990576,-0.08857122607931653,0.42708333333333326
ws10hd32,2021-11-04,2022-09-04,Train,1.3123757680551576e-05,0.9329032258064516,0.98269111605445,0.9783123130230056,1.3817107514089864,2.473472295254881,0.896774193548387
ws10hd32,2021-11-04,2022-09-04,Test,0.00044366959460357465,0.49117647058823527,-0.06678986749146035,-0.049411737945911895,-0.20611117929816236,-0.06619606385496206,0.4901960784313725
ws16hd64,2021-03-04,2022-01-04,Train,5.294881580041269e-06,0.9519230769230769,0.9881172113819603,0.9860579828337228,1.840137135535961,1.7945620847130785,0.9551282051282052
ws16hd64,2021-03-04,2022-01-04,Test,0.00040806621990534616,0.4423076923076923,-0.09107093085801668,-0.11296890298130674,-0.37107020556711634,-0.10092743287575633,0.38461538461538464
ws10hd16,2021-05-04,2022-03-04,Train,5.398260753502962e-05,0.7881987577639752,0.8325628187279216,0.7699510679699555,1.1613322232339442,1.5542823034431943,0.8136645962732919
ws10hd16,2021-05-04,2022-03-04,Test,0.00047673625260561645,0.503125,-0.0011695451914918338,0.036236197030384706,-0.10079414237775006,-0.02969208387800798,0.43749999999999994
ws10hd32,2022-01-04,2022-11-04,Train,7.677016943613578e-06,0.9455696202531646,0.9890364636374688,0.9850578370964311,1.335150357523443,2.4211775235141237,0.9135021097046416
ws10hd32,2022-01-04,2022-11-04,Test,0.00038859680962752226,0.46176470588235297,-0.08994934845895519,-0.14566340320419233,-0.14268537373107656,-0.05011699920089891,0.5294117647058822
ws10hd16,2021-07-04,2022-05-04,Train,6.029070766033913e-05,0.8006289308176101,0.8601886112351099,0.8068576662970283,1.1156499518048357,1.682288454467098,0.7861635220125787
ws10hd16,2021-07-04,2022-05-04,Test,0.00041408677165698867,0.49696969696969695,-0.06590502619836823,-0.05980704389137891,-0.0944524386019407,-0.03599737541839125,0.45454545454545453
ws16hd32,2021-01-04,2021-11-04,Train,5.877147206546679e-06,0.9584415584415584,0.9890980152315272,0.9858455532725777,1.503580391530689,1.9300999265222947,0.935064935064935
ws16hd32,2021-01-04,2021-11-04,Test,0.00020742109345966522,0.4888888888888889,0.05006315066947403,0.02176131054990847,0.26573756621252326,0.04834052031170554,0.5802469135802468
ws16hd64,2021-05-04,2022-03-04,Train,6.1679515428279635e-06,0.9574193548387097,0.9900435930228946,0.9865120352873737,1.610445250446481,1.883278376575535,0.9397849462365593
ws16hd64,2021-05-04,2022-03-04,Test,0.0004130258731560125,0.4846153846153846,-0.013856576884718384,-0.03769992045854114,-0.2060004408643702,-0.05786160543919526,0.38461538461538464
ws10hd16,2021-09-04,2022-07-04,Train,4.369218929362761e-05,0.8496815286624204,0.9172927945562663,0.8883725770534407,1.1777678928233795,1.9913599917878755,0.8343949044585988
ws10hd16,2021-09-04,2022-07-04,Test,0.0004212301546845607,0.5032258064516129,0.050262950966120615,0.016161763858795915,0.14465554395590544,0.04326869293558449,0.5376344086021505
ws10hd16,2021-11-04,2022-09-04,Train,0.00026863132503939245,0.636774193548387,0.4274269299706528,0.40266402884966657,0.5234518902601666,1.0178627664875386,0.632258064516129
ws10hd16,2021-11-04,2022-09-04,Test,0.0003369246845651609,0.4852941176470588,-0.06221594691345043,-0.05444928445208054,-0.0868885777183296,-0.03040087053602256,0.4999999999999999
ws16hd32,2021-03-04,2022-01-04,Train,5.2647917713326e-06,0.9365384615384615,0.9847135671459859,0.9794046554536595,1.8095323177020952,1.780962930306573,0.9529914529914529
ws16hd32,2021-03-04,2022-01-04,Test,0.00045275968438763587,0.4846153846153846,-0.09998411887575821,-0.07932143144894363,-0.372465721308218,-0.12024839170469898,0.3974358974358974
ws16hd64,2021-07-04,2022-05-04,Train,6.512630389846773e-06,0.9490196078431372,0.9914220577056801,0.9870384819536511,1.4773124568543154,2.075412329136871,0.925925925925926
ws16hd64,2021-07-04,2022-05-04,Test,0.00034888183900534415,0.48518518518518516,-0.022267940467130737,0.022030175692091487,0.09342780908725135,0.024269245220309443,0.5432098765432097
ws10hd16,2022-01-04,2022-11-04,Train,6.65311070119547e-05,0.8367088607594937,0.8807950900915706,0.8674012581115146,1.103777855302398,2.084931408028689,0.8185654008438821
ws10hd16,2022-01-04,2022-11-04,Test,0.0003859658478695927,0.4647058823529412,-0.12377432632482277,-0.16730123870925784,0.16352536119131986,0.05330282555564297,0.5294117647058824
ws16hd64,2021-09-04,2022-07-04,Train,1.0833472181901705e-05,0.9463576158940398,0.9873921653175628,0.9846585819801749,1.387537103075489,2.213247291819763,0.9161147902869756
ws16hd64,2021-09-04,2022-07-04,Test,0.0003515500071123961,0.504,0.08267678455376659,0.020045124570657415,0.1461197754054291,0.05228899237498846,0.5333333333333333
ws16hd32,2021-05-04,2022-03-04,Train,7.5152805465362254e-06,0.9329032258064516,0.9810968529046744,0.9715797156185761,1.580651909845973,1.8641566295460468,0.9290322580645162
ws16hd32,2021-05-04,2022-03-04,Test,0.0004739739033381521,0.5269230769230769,0.041083677609171844,0.007795745726780208,0.09851337230290926,0.029589888647940314,0.5
ws16hd64,2021-11-04,2022-09-04,Train,1.734601799743524e-05,0.9194630872483222,0.9814943052013831,0.9745644982368596,1.3416542921862802,2.3338548207573,0.8836689038031319
ws16hd64,2021-11-04,2022-09-04,Test,0.00028283859901379933,0.5035714285714286,0.06476564874186572,0.08620080795491196,-0.06551631703215936,-0.01790050720700033,0.4880952380952381
ws16hd32,2021-07-04,2022-05-04,Train,2.4489225517010088e-05,0.8816993464052287,0.9479614810088675,0.9258619184624923,1.3485939120932158,1.9280325072413458,0.877995642701525
ws16hd32,2021-07-04,2022-05-04,Test,0.00043134061328134156,0.5,0.05737347855242803,0.07520694537800396,-0.008920093135275179,-0.0029238181095123245,0.5308641975308642
ws16hd64,2022-01-04,2022-11-04,Train,1.0204620143901731e-05,0.9407894736842105,0.989711160282724,0.9868737373533347,1.3231947687765757,2.2812231725726697,0.9100877192982455
ws16hd64,2022-01-04,2022-11-04,Test,0.00037923797640608667,0.46785714285714286,-0.02859905517841902,-0.09435172123689646,0.06443412861216388,0.01755238225048514,0.5238095238095238
ws16hd32,2021-09-04,2022-07-04,Train,7.838834272654319e-06,0.947682119205298,0.9892348968042219,0.9854076711323978,1.3901636363405023,2.2165350449821934,0.9094922737306842
ws16hd32,2021-09-04,2022-07-04,Test,0.0003155705422224169,0.524,0.16542017839781392,0.14681133716917413,0.2827218365185055,0.07470715432345268,0.5333333333333333
ws16hd32,2021-11-04,2022-09-04,Train,1.76435625428206e-05,0.9187919463087248,0.976734292685036,0.9684674307015164,1.3447012035389099,2.3262461258217835,0.8814317673378075
ws16hd32,2021-11-04,2022-09-04,Test,0.0003994272806361195,0.5714285714285714,0.08880271382457562,0.10273381766895714,0.02433694169356027,0.005617065648792961,0.5476190476190476
ws16hd32,2022-01-04,2022-11-04,Train,6.422287741049608e-06,0.9447368421052632,0.9919077697548272,0.989330237242376,1.322832601968685,2.293279583025184,0.9122807017543859
ws16hd32,2022-01-04,2022-11-04,Test,0.00032842100507992435,0.5214285714285715,0.09500247377850232,0.04327589180507889,0.22599930389618236,0.04826642885822737,0.5595238095238095
